name,price,rating,image_url,source
"Type C Charger Fast Charging, USB C Charger Block, 2-Pack 25W Phone Super Fast Charger with 6Ft USB-C Cable Compatible with iPhone 15/16/Plus/Pro/Pro Max, Galaxy S25/S24/Plus/Ultra",Price not available,4.6 out of 5 stars,https://m.media-amazon.com/images/I/61B1ZsMWgZL._AC_UY218_.jpg,https://www.amazon.com/s?k=phone+charger&page=1
"Anker iPhone 16 Charger, 2-Pack 20W Fast USB C Charger Block, for iPhone 16/16 Pro Max/15 Series/iPad Pro and More (Black, 2 Pack & 2 Cable)",Price not available,4.6 out of 5 stars,https://m.media-amazon.com/images/I/719R46dVUTL._AC_UY218_.jpg,https://www.amazon.com/s?k=phone+charger&page=1
"Anker 621 Magnetic Portable Charger (MagGo), 5,000mAh Wireless Power Bank with USB-C Cable, Magsafe-Compatible Battery Pack for iPhone 16 /15/14/13/12 Series",Price not available,4.3 out of 5 stars,https://m.media-amazon.com/images/I/61t70mVvMFL._AC_UY218_.jpg,https://www.amazon.com/s?k=phone+charger&page=1
"Fast Charger for Samsung Galaxy S25/S24/S23/S23+/S22/S21/S21+/S21 Ultra/Note 20 Ultra/S20 FE 5G/S10 A10E A50 A11 A21 A51 A71 A9 A20 A14 A15, LG Stylo 6/5, Phone Wall Charger Type C Fast Charging Cable",11.99,4.1 out of 5 stars,https://m.media-amazon.com/images/I/71q-1TRHR5L._AC_UY218_.jpg,https://www.amazon.com/s?k=phone+charger&page=1
"iPhone Charger [Apple MFi Certified] 2Pack 10FT Long Lightning Cable Fast Charging Nylon Braided USB Cable iPhone Charger Cord Compatible with iPhone 14 13 12 11 Pro Max XR XS X 8 7 6 Plus SE, iPad",Price not available,4.2 out of 5 stars,https://m.media-amazon.com/images/I/61VEXX64AqL._AC_UY218_.jpg,https://www.amazon.com/s?k=phone+charger&page=1
C Charger Cable Fast Charging 5Pack 6Ft Type USB C Cords Phone Charger for Android Compatible for Samsung Galaxy S21 S20 Ultra S10 S8 S9 Plus S23 S24 S22 Note 20 10 A51 A20 A50LG k51 k92 Moto X4 Z3,12.99,4.6 out of 5 stars,https://m.media-amazon.com/images/I/71A4hIf+2YL._AC_UY218_.jpg,https://www.amazon.com/s?k=phone+charger&page=1
"Amazon Basics 10W Qi Certified Wireless Charging Stand, for Phone 16/15/14/13/12/11/X, Samsung, and More, with USB Cable (No AC Adapter), Black",13.49,4.2 out of 5 stars,https://m.media-amazon.com/images/I/71FkDvgbuHL._AC_UY218_.jpg,https://www.amazon.com/s?k=phone+charger&page=1
5Pack 6ft Fast USB Type C Cable Phone Charger Cord for Samsung Galaxy S25 S25+ Plus Ultra S24 S23 S22 S21 S20 FE Ultra S10 S10+ S9 S8 Plus Note 20 Ultra 10 9 8 A51 A71 A53 A14 5G,12.99,4.6 out of 5 stars,https://m.media-amazon.com/images/I/81eDavYgFaL._AC_UY218_.jpg,https://www.amazon.com/s?k=phone+charger&page=1
"Adaptive Fast Charger for Samsung Galaxy S25 S24 S23 S22 S22+ S22 Ultra S21 S20 FE S20+ S10 S9 A21 A51 A71 A11 A10e A16 A15 A56 Note 20 Ultra, 18W Quick Charge Wall Charger Type C Fast Charging Cable",13.99,4.3 out of 5 stars,https://m.media-amazon.com/images/I/71kprqmhrgL._AC_UY218_.jpg,https://www.amazon.com/s?k=phone+charger&page=1
"Wireless Charger Samsung Fast Charging Pad for Samsung Galaxy S25 Ultra/S24 FE/S23 Ultra/S22/S21/Z Flip 6 5,15W Wireless Charging Station Charger Mat and QC Adapter for Google Pixel 9 8a 7a 8 7 Pro",14.80,4.2 out of 5 stars,https://m.media-amazon.com/images/I/61jj23Nv75L._AC_UY218_.jpg,https://www.amazon.com/s?k=phone+charger&page=1
"Fast Charger for Samsung 2 Pack, 6ft Type C Fast Charging Cable Cord with Android Phone USB Wall Charger Block for Samsung Galaxy S10 9 8 Plus/Note 20 10 9 8/S20 S21 S22 S23 S24 Ultra/A52 53 54 55",9.98,4.1 out of 5 stars,https://m.media-amazon.com/images/I/51gHJK-C+qL._AC_UY218_.jpg,https://www.amazon.com/s?k=phone+charger&page=1
"Amazon Basics Durable 2-Pack USB-A to Lightning Charger Cable, Nylon Braided Cord, MFi Certified Charger for Apple iPhone 14 13 12 11 X Xs Pro, Pro Max, Plus, iPad, 6 Foot, Dark Gray",16.08,4.6 out of 5 stars,https://m.media-amazon.com/images/I/61F3+4iroLS._AC_UY218_.jpg,https://www.amazon.com/s?k=phone+charger&page=1
"Belkin Quick Charge Wireless Charging Pad - 10W Qi-Certified Charger Pad for Apple iPhone, Samsung Galaxy, Airpods Pro & More, Charge While Listening to Music, Streaming Videos - 2-Pack Black (No PSU)",15.57,4.0 out of 5 stars,https://m.media-amazon.com/images/I/410Q65EYGpS._AC_UY218_.jpg,https://www.amazon.com/s?k=phone+charger&page=1
"Anker 313 Wireless Charging Stand, Qi-Certified for iPhone 16/16 Pro/16 Pro Max/15/14/13, 10W Fast Charging for Galaxy S23/S22/S21 (No AC Adapter)",Price not available,4.5 out of 5 stars,https://m.media-amazon.com/images/I/51J1d8kZsCL._AC_UY218_.jpg,https://www.amazon.com/s?k=phone+charger&page=1
"CHGeek Wireless Car Charger, 15W Fast Charging Auto Clamping Car Charger Phone Mount Phone Holder fit for iPhone 16 15 14 13 12 Pro Max 11 XR XS, Samsung Galaxy S24 Ultra S23 S22 S21, S20, S10+, Black",20.83,4.2 out of 5 stars,https://m.media-amazon.com/images/I/71pzeBmtt-L._AC_UY218_.jpg,https://www.amazon.com/s?k=phone+charger&page=1
"Wireless Charger, 15W Max Fast Wireless Charging Pad 2-Pack Compatible with iPhone16/16Plus/16Pro /16ProMax/iPhone15/15Pro/15Plus/14/13/12/Samsung S24 /S24Ultra/S23Ultra/S22/S21,AirPods Pro 2",16.23,4.0 out of 5 stars,https://m.media-amazon.com/images/I/713Zmnd3k7L._AC_UY218_.jpg,https://www.amazon.com/s?k=phone+charger&page=1
"Anker MagSafe Charger Stand, Wireless Charger, 3-in-1 Cube, 15W Foldable Fast Charging for iPhone 16/15/14/13, Apple Watch, AirPods (Charger Included)",87.99,4.5 out of 5 stars,https://m.media-amazon.com/images/I/71g-3rva1+L._AC_UY218_.jpg,https://www.amazon.com/s?k=phone+charger&page=2
"C Charger Cable Fast Charging Phone Android Power Cord 4 Compatible for Samsung Galaxy S24+ S23 Ultra S22 Plus Note 21/20 Ultra, S21+/S20 Plus/S21 S20 FE/S10 Plus/S9 A11/A21/A51/A71 Google 5 4A XL 7",9.99,4.5 out of 5 stars,https://m.media-amazon.com/images/I/81-tjgB0H3L._AC_UY218_.jpg,https://www.amazon.com/s?k=phone+charger&page=2
"iPhone 16 15 Charger Fast Charging 10 FT, 2 Pack 20W USB C Wall Charger with 10FT Long Type C Charger Fast Charging Cable for iPhone 16/16 Plus/16 Pro/16 Pro Max/15/15 Pro/15 Pro Max/15 Plus",15.99,4.4 out of 5 stars,https://m.media-amazon.com/images/I/61j4Ig+2PkL._AC_UY218_.jpg,https://www.amazon.com/s?k=phone+charger&page=2
"Anker USB to USB C Cable [2 Pack, 6FT], USB A to USB C Charger Cord for Samsung Galaxy S10 S10+, LG V30, Beats Fit Pro and More (USB 2.0, Black)",Price not available,4.7 out of 5 stars,https://m.media-amazon.com/images/I/71N7xhCJnoL._AC_UY218_.jpg,https://www.amazon.com/s?k=phone+charger&page=2
"VEEKTOMX Portable Charger with Built-in Cables 10000mAh Power Bank for iPhone Slim Fast Charge USB C Battery Pack Travel Essentials Powerbank Compatible with iPhone, Samsung, Android, etc",Price not available,4.4 out of 5 stars,https://m.media-amazon.com/images/I/71Db4Cle1ML._AC_UY218_.jpg,https://www.amazon.com/s?k=phone+charger&page=2
"EXW for Magsafe Charger Stand,Charging Station for Multiple Devices,Wireless Charger for iPhone 16/15/14/13/12 Series,Apple Watch Series 1-9/Ultra,AirPods Pro with LED and Adapter (White)",28.20,4.3 out of 5 stars,https://m.media-amazon.com/images/I/71eDh5BaOJL._AC_UY218_.jpg,https://www.amazon.com/s?k=phone+charger&page=2
"Magnetic Wireless Charger Fast Mag Safe Charger Compatible with iPhone 16/15 Pro Max/15 Pro/15/15 Plus/14/13/12 Series, 2024 Upgraded Mag-Safe LED Charging Pad with 20W Type-C Adapter (White)",16.99,4.4 out of 5 stars,https://m.media-amazon.com/images/I/51VvK0RerhL._AC_UY218_.jpg,https://www.amazon.com/s?k=phone+charger&page=2
"Multi Charging Cable 5 in 1, 2 Pcs 4FT USB C/A Multi Charger Cable to Type-C/Micro USB Port, Nylon Braided USB C Multiple Charger Cable, Universal Multi Phone Charger Cable for Cell Phones and More",9.98,4.2 out of 5 stars,https://m.media-amazon.com/images/I/71WYYaKFJNL._AC_UY218_.jpg,https://www.amazon.com/s?k=phone+charger&page=2
Apple Lightning to USB Cable (1 m) ​​​​​​​,14.79,4.7 out of 5 stars,https://m.media-amazon.com/images/I/614z32X4dQL._AC_UY218_.jpg,https://www.amazon.com/s?k=phone+charger&page=2
"Wireless Charger 3 in 1,RTOPS Magnetic Travel Wireless Charging Station Multiple Devices,GaN 3 in 1 Charging Station,Compatible for iPhone16/15/14/13/Pro/Max,iWatch,AirPods4/3/2/Pro(Adapter Includes)",Price not available,4.3 out of 5 stars,https://m.media-amazon.com/images/I/51jNkRzDZgL._AC_UY218_.jpg,https://www.amazon.com/s?k=phone+charger&page=2
"Multi Charging Cable, USB Cable 3A 4FT Nylon Braided Universal 4in1 Charger Adapter Type-C/Micro Port, Compatible with Cell Phones and More (Silver, 2Pack)",8.08,4.5 out of 5 stars,https://m.media-amazon.com/images/I/71xdAREJLlL._AC_UY218_.jpg,https://www.amazon.com/s?k=phone+charger&page=2
"INIU Portable Charger, Slimmest 10000mAh 5V/3A Power Bank, USB C in&out High-Speed Charging Battery Pack, External Phone Powerbank Compatible with iPhone 16 15 14 13 12 Samsung S22 S21 Google iPad etc",Price not available,4.6 out of 5 stars,https://m.media-amazon.com/images/I/516tnauVb+L._AC_UY218_.jpg,https://www.amazon.com/s?k=phone+charger&page=2
"Samsung 15W Wireless Charger Single, Cordless Super Fast Charging Pad for Galaxy Phones and Devices, Compact Design, LED Indicator, USB C Cable Included, 2022, US Version, Grey",29.07,4.3 out of 5 stars,https://m.media-amazon.com/images/I/51w1ScBsg1L._AC_UY218_.jpg,https://www.amazon.com/s?k=phone+charger&page=2
"INIU Wireless Charger, 15W Fast Qi-Certified Wireless Charging Station with Sleep-Friendly Adaptive Light Compatible with iPhone 16 15 14 13 Pro XS 8 Plus Samsung Galaxy S25 S24 S23 Note 20 Google etc",Price not available,4.3 out of 5 stars,https://m.media-amazon.com/images/I/71B+4V5YhnL._AC_UY218_.jpg,https://www.amazon.com/s?k=phone+charger&page=2
"Wireless Charging Station,3 in 1 Wireless Charging Stand Made for Apple Watch Ultra 10 9 8 7 6 SE 5 4 3,Fast Wireless Charger Made for iPhone 16/15/14/13/12/11/X,for AirPods Pro(with Adapter)",18.11,4.4 out of 5 stars,https://m.media-amazon.com/images/I/81zu+cSf-qL._AC_UY218_.jpg,https://www.amazon.com/s?k=phone+charger&page=2
"Amazon Basics 15W Qi Certified Wireless Phone Charger Pad, Fast Charging Pad for iPhone 16/15/14/13/12/11/X, Samsung and More, with USB Cable, Black",9.82,4.2 out of 5 stars,https://m.media-amazon.com/images/I/71TMu7okwGL._AC_UY218_.jpg,https://www.amazon.com/s?k=phone+charger&page=2
2 Pack Magnetic Wireless Charger for iPhone 16 Pro Max/16 Pro/16 Plus/16/15/15 Pro/15 Plus/15 Pro Max 15W Fast Mag Safe Charger Pad for iPhone 16/15/14/13/12 Series and AirPods 3/2/Pro 2/Pro,11.05,4.4 out of 5 stars,https://m.media-amazon.com/images/I/61oqUZ-LbIL._AC_UY218_.jpg,https://www.amazon.com/s?k=phone+charger&page=3
"3 in 1 Wireless Charging Station for Apple MagSafe Charger, 15W Fast Qi-Certified Magnetic Mag-Safe Charger Stand for iPhone 16 15 14 13 12 Apple Watch AirPods, Adjustable Angle,Gifts for Men",22.99,4.2 out of 5 stars,https://m.media-amazon.com/images/I/71lRLlgOgVL._AC_UY218_.jpg,https://www.amazon.com/s?k=phone+charger&page=3
"20W Type C Fast Charging Block, 6ft Android Phone Charger Cable for Samsung Galaxy A16 A15 A14 5G A54 A35 A53 A13 S25 S24 S23 S22, USB C Pixel 9 Pro XL Fast Wall Charger for Google Pixel 8a 7a 6 Pro",8.98,4.3 out of 5 stars,https://m.media-amazon.com/images/I/71MponTgaRL._AC_UY218_.jpg,https://www.amazon.com/s?k=phone+charger&page=3
"INIU Portable Charger, Smallest 22.5W 10000mAh Power Bank, USB C in/Output Fast Charging 3-Output Mini Battery Pack Charger with Phone Holder for iPhone 16 15 14 13 12 Samsung S23 Google iPad Tablet",Price not available,4.6 out of 5 stars,https://m.media-amazon.com/images/I/61dp6J+8AEL._AC_UY218_.jpg,https://www.amazon.com/s?k=phone+charger&page=3
Samsung Official 45W USB-C Super Fast Charging Wall Charger (Black),27.99,4.5 out of 5 stars,https://m.media-amazon.com/images/I/51iH8MHrCkL._AC_UY218_.jpg,https://www.amazon.com/s?k=phone+charger&page=3
"Type C Charger Cable Fast Charging, [10FT,3Pack] Long Android Phone Charger USB A to USB C Cord for Samsung Galaxy S25 S24 A54 A14 A35 A23 S23 Ultra S22 S21 FE Z Fold6 Flip6,Google Pixel 9 Pro 8 7a 6a",10.99,4.5 out of 5 stars,https://m.media-amazon.com/images/I/71Bhd8P5QVL._AC_UY218_.jpg,https://www.amazon.com/s?k=phone+charger&page=3
"Wireless Charging Station, YiJYi 3 in 1 Watch Charger Stand with Digital Clock Suitable for iWatch SE/6/5/4/3/2/1,AirPods Pro, for iPhone 16/15/14/13/12/11 Pro Max/XS/XR/X/8/Samsung S23/S22/S21",24.94,4.1 out of 5 stars,https://m.media-amazon.com/images/I/71rXp3JsoJL._AC_UY218_.jpg,https://www.amazon.com/s?k=phone+charger&page=3
"Coiled Lightning Cable, iPhone Charger Cable 3FT for Car, 2 Pack [Apple MFi Certified] 3 Feet Lightning Cord Compatible with iPhone14/13/12/11 Pro Max/XS MAX/XR/XS/X/8/7/Plus/6S iPad/iPod- Black",15.67,4.2 out of 5 stars,https://m.media-amazon.com/images/I/61JaLqDphoL._AC_UY218_.jpg,https://www.amazon.com/s?k=phone+charger&page=3
"3 Pack USB C Wall Charger, 20W Durable Dual Port QC+PD 3.0 Power Adapter, Double Fast Plug Charging Block for iPhone 13/14/15/16/16 Pro/Pro Max/Plus, XS/XR/X, Watch Series 8/7 Cube，White",16.99,4.6 out of 5 stars,https://m.media-amazon.com/images/I/61xmbPycs2L._AC_UY218_.jpg,https://www.amazon.com/s?k=phone+charger&page=3
"INIU USB C Cable, 5-Pack [1.6/3.3/6.6 ft] 3.1A Fast Charging Type C Cord, Nylon Braided USB A to USB-C Phone Charger Cable for iPhone 16 15 Series Samsung Galaxy S21 S20 S10 Google Pixel 7 6 etc",Price not available,4.6 out of 5 stars,https://m.media-amazon.com/images/I/715deopHiOL._AC_UY218_.jpg,https://www.amazon.com/s?k=phone+charger&page=3
"45W Fast Charger USB C for Sam-Sung 2Pack Fast Charging with 6FT Type C Cable for Sam-Sung Galaxy S25 Ultra S24/S23 Ultra,S25/S24/S23/S22,Z Fold 5 6/Z Flip 5 6,Galaxy Tab S10/S9/S8 PPS Wall Charger",14.99,4.5 out of 5 stars,https://m.media-amazon.com/images/I/71tepMhG1zL._AC_UY218_.jpg,https://www.amazon.com/s?k=phone+charger&page=3
"INIU Portable Charger, 22.5W 20000mAh USB C in & Out Power Bank Fast Charging, PD 3.0+QC 4.0 LED Display Phone Battery Pack Compatible with iPhone 16 15 14 13 Pro Samsung S23 Google iPad Tablet, etc",Price not available,4.6 out of 5 stars,https://m.media-amazon.com/images/I/51aZGPrKBbL._AC_UY218_.jpg,https://www.amazon.com/s?k=phone+charger&page=3
"6ft Fast USB Type C Cable Phone Charger Charging Cord for Samsung Galaxy S25 Plus Ultra S24 FE, Z Fold 6 5 4 3 2 Flip, S23 S22 S21 Ultra S21+ S20 FE 5G S10 S10e S9 S8 Plus Note 20 9 8 A53 A42 A71",6.99,4.5 out of 5 stars,https://m.media-amazon.com/images/I/71z3jfWwJVL._AC_UY218_.jpg,https://www.amazon.com/s?k=phone+charger&page=3
"Adaptive Fast Charging Wall Charger with USB C Cable 10Ft, Excgood Fast Charger Power Adapter USB Type C Cable Fast Charging Compatible with Galaxy S25 S24 S23 S22 S21 S8 S9 S10 A15 A03s Android Phone",9.99,4.7 out of 5 stars,https://m.media-amazon.com/images/I/71iDVdU0PcL._AC_UY218_.jpg,https://www.amazon.com/s?k=phone+charger&page=3
"i Phone Charger 10Ft Fast Charging, MFi-Certified, 20W PD Block with 6Ft Cable, Type C Travel Plug & Ligt ning Cord for IP 14/13/12/11, i Pad & More [2 Pack]",9.65,4.3 out of 5 stars,https://m.media-amazon.com/images/I/61Yyb0CP23L._AC_UY218_.jpg,https://www.amazon.com/s?k=phone+charger&page=3
"Samsung 25W Wall Charger Power Adapter with Cable, Super Fast Charging, Compact Design, Energy Efficient, Compatible with Galaxy and USB Type C Devices, Black",16.99,4.6 out of 5 stars,https://m.media-amazon.com/images/I/61x6AO7aCJL._AC_UY218_.jpg,https://www.amazon.com/s?k=phone+charger&page=3
"Belkin MagSafe 3-in-1 Wireless Charging Pad - Fast Wireless Charging for Apple Watch, iPhone 16, iPhone 15, iPhone 14, & iPhone 12 Series, & AirPods - Charging Station for Multiple Devices - Black",67.81,4.2 out of 5 stars,https://m.media-amazon.com/images/I/61D5I+3EBqL._AC_UY218_.jpg,https://www.amazon.com/s?k=phone+charger&page=4
"Belkin Quick Charge 10W Wireless Charger - Qi-Certified Charger Stand for iPhone, Samsung Galaxy - Charge While Listening to Music, Streaming Videos, & Video Calling - Includes AC Adapter - Black",19.99,4.2 out of 5 stars,https://m.media-amazon.com/images/I/51xZH10bkeL._AC_UY218_.jpg,https://www.amazon.com/s?k=phone+charger&page=4
2 Pack Magnetic Wireless Charger 15W Fast Apple Mag-Safe Charger for iPhone 16/15/14/13/12 Series Magnet Wireless Charging Pad for AirPods 3/2/Pro Mag Safe Charger with 5ft Dual Charging Port Cable,17.81,4.2 out of 5 stars,https://m.media-amazon.com/images/I/51qxVMJ8FuL._AC_UY218_.jpg,https://www.amazon.com/s?k=phone+charger&page=4
"Fast Charging Charger Cable for Samsung Galaxy A11 A01 A21 A51 A71 A16 A15 A14 5G A9 A12 A32 A52 A72 A13 A10E A03s A35 A55 S25 S24 S23 S22 S21+ S20 FE Note 20 Ultra, USB Wall Charger with Type C Cable",7.99,4.4 out of 5 stars,https://m.media-amazon.com/images/I/71aENFjC4kL._AC_UY218_.jpg,https://www.amazon.com/s?k=phone+charger&page=4
"WAITIEE Wireless Charger 3 in 1, 15W Fast Charging Station for Apple Watch 10/9/8/Ultra 2/Ultra/SE/7/6/5/4/3/2, for AirPods 4/3/2/Pro for iPhone 16/15/14/13 /Plus/Pro/Pro Max/12/11(Black)",20.23,4.2 out of 5 stars,https://m.media-amazon.com/images/I/61OFTbn9MnL._AC_UY218_.jpg,https://www.amazon.com/s?k=phone+charger&page=4
"3 in 1 Foldable Charging Station for Apple Products,Fast Wireless Charger Travel Dock Adapter&Light for iPhone 16/15/14/13/12/11/X/XS,for iWatch 10/9/8/7/Ultra2/Ultra/SE,for AirPods 4/3/2/Pro/2(White)",Price not available,4.3 out of 5 stars,https://m.media-amazon.com/images/I/61sNRW0jTdL._AC_UY218_.jpg,https://www.amazon.com/s?k=phone+charger&page=4
"Samsung Phone Charger Cord 3Pack Android Charger Fast Charging Type C Cable for Samsung Galaxy A13 5G/A03s/A14/A54/A15/S24 Ultra/Z Fold5/A52/A23/A32/A53/A71/S23 FE/S21/S10,iPhone 15,Moto G6,LG Stylus6",7.99,4.4 out of 5 stars,https://m.media-amazon.com/images/I/718mXSld+nL._AC_UY218_.jpg,https://www.amazon.com/s?k=phone+charger&page=4
"USB C Car Charger, 3-Port 67W Dual USB-C & USB-A Car Power Adapter PD/QC Fast Charging Cigarette Lighter for iPhone 16/15/14/13/12/11/Pro Max, iPad, Samsung Galaxy S25 S24/S23/S22/S21, Pixel, Android",8.49,4.6 out of 5 stars,https://m.media-amazon.com/images/I/715dVAhI7qL._AC_UY218_.jpg,https://www.amazon.com/s?k=phone+charger&page=4
"Hicober 3 in 1 Wireless Charging Station for iPhone 15, Magnetic Foldable Travel Charger Station Stand 18W for iPhone 16 15 14 13 12 Pro/Max/Plus/Apple Watch All Series & Airpods",18.44,4.4 out of 5 stars,https://m.media-amazon.com/images/I/61yS7AD-yxL._AC_UY218_.jpg,https://www.amazon.com/s?k=phone+charger&page=4
"Anker 633 Magnetic Battery, 10,000mAh Foldable Wireless Portable Charger, 20W USB-C Power Delivery Power Bank with Stand, Magsafe-Compatible for iPhone 16/15/14/13/12 Series",Price not available,4.4 out of 5 stars,https://m.media-amazon.com/images/I/51ScnQNj18L._AC_UY218_.jpg,https://www.amazon.com/s?k=phone+charger&page=4
"Belkin Convertible Magnetic Charging Stand 15W - MagSafe-Compatible Fast Qi2 Charger, iPhone Charger for Apple iPhone 16, 16 Plus, 16 Pro, 16 Pro Max, iPhone 15 & 14, Apple Airpods Pro, & More - Black",39.73,4.5 out of 5 stars,https://m.media-amazon.com/images/I/61jecFSJNeL._AC_UY218_.jpg,https://www.amazon.com/s?k=phone+charger&page=4
"ESR for MagSafe Car Mount Charger, 15W Magnetic Wireless Car Charger, Compatible with MagSafe Car Charger,Air Vent Dashboard Phone Holder Mount for iPhone 16 15 14 13 12, Galaxy S25, Fast Charging",Price not available,4.3 out of 5 stars,https://m.media-amazon.com/images/I/61+HUksN4kL._AC_UY218_.jpg,https://www.amazon.com/s?k=phone+charger&page=4
"USB Type C Charger Cable, 6-Pack 10ft USB C Cable Fast Charging Braided Type C Charger Cord for iPhone 16/15, Galaxy S24 S23 S22 S9 S10 A13 A15 A03s, Pixel-Black White Blue Green Purple Rose",20.99,4.7 out of 5 stars,https://m.media-amazon.com/images/I/8119BfuhEwL._AC_UY218_.jpg,https://www.amazon.com/s?k=phone+charger&page=4
"Samsung Fast Charging Type C Charger Cable Android Phone Power Cord 6FT for Samsung Galaxy A23/A15 5G/A14 5G/A54/A53/S24/S23 Ultra/A13/A03S/S21FE/A25/Z Flip5/Z Fold5/S22,iPhone 15,Pixel 8Pro 7a 6,Moto",6.99,4.5 out of 5 stars,https://m.media-amazon.com/images/I/713H2DYv5iL._AC_UY218_.jpg,https://www.amazon.com/s?k=phone+charger&page=4
"Belkin Portable Charger, Power Bank 10,000mAh, 23W w/Integrated Lightning Cable & USB-C Cable - Charger Battery Pack for Apple iPhone 16, 15, Galaxy S25, Nintendo Switch 2, Travel Essentials - Black",30.18,4.1 out of 5 stars,https://m.media-amazon.com/images/I/51j3+v5AuNL._AC_UY218_.jpg,https://www.amazon.com/s?k=phone+charger&page=4
"Anker Desktop Charger, Fast Charging USB C Charger, 112W Max 6-Port Charging Station, for iPhone, iPad, MacBook, Samsung and More (Cable Not Included)",Price not available,4.7 out of 5 stars,https://m.media-amazon.com/images/I/61Dczhk0I3L._AC_UY218_.jpg,https://www.amazon.com/s?k=phone+charger&page=4
"Samsung 25W Wall Charger Power Adapter, Cable Not Included, Super Fast Charging, Compact Design, Energy Efficient, Compatible with Galaxy and USB Type C Devices, Black",13.00,4.7 out of 5 stars,https://m.media-amazon.com/images/I/71blOLk9A6L._AC_UY218_.jpg,https://www.amazon.com/s?k=phone+charger&page=5
"INIU Portable Charger, Slimmest Fast Charging 10000mAh USB C in/Out Power Bank, 22.5W PD3.0 QC4+ Battery Pack, Portable Phone Charger for iPhone 16 15 14 13 12 Pro Samsung S22 S21 Google AirPods iPad",Price not available,4.6 out of 5 stars,https://m.media-amazon.com/images/I/71XP25lQmlL._AC_UY218_.jpg,https://www.amazon.com/s?k=phone+charger&page=5
"Amazon Basics Fast Charging USB-2.0 USB-C to Lightning Cable (MFi Certified), Durable, 6 Feet, Black",10.75,4.5 out of 5 stars,https://m.media-amazon.com/images/I/41A9vyNxj7L._AC_UY218_.jpg,https://www.amazon.com/s?k=phone+charger&page=5
"Belkin 2-in-1 MagSafe Wireless Charging Dock 15W Fast Charge iPhone Charger Compatible with iPhone 16, 15, 14, and 13 Series, AirPods, and Other MagSafe Enabled Devices, Includes Power Supply - Sand",85.18,4.4 out of 5 stars,https://m.media-amazon.com/images/I/614+Y5ptRXL._AC_UY218_.jpg,https://www.amazon.com/s?k=phone+charger&page=5
"Adaptive Fast Charging Wall Charger with USB C Cable 10ft, Excgood USB Fast Charger Type C Charger Compatible for Galaxy S25 S24 S23 Ultra A15 A13 A03s A53 S22 S21 S20 S10 S9 Android Phone-2Pack,Black",17.39,4.7 out of 5 stars,https://m.media-amazon.com/images/I/71NOqfcU6uL._AC_UY218_.jpg,https://www.amazon.com/s?k=phone+charger&page=5
"USB C to Lightning Cable 6.6ft 3Pack Original [Apple MFi Certified] iPhone Fast Charger Charging Cord Cable for iPhone 14/13/13 Pro/12/12 Pro/12 Pro Max/11/Xs Max/XR/X,iPad,AirPods Pro and More",13.99,4.5 out of 5 stars,https://m.media-amazon.com/images/I/61MKe672w0L._AC_UY218_.jpg,https://www.amazon.com/s?k=phone+charger&page=5
"25W Wireless Charger,Foldable 2 in 1 Wireless Charging Station for Apple iPhone 16/16 Pro/15/14/13/12/11/Plus/SE/X/Airpods,PDKUAI 15W Fast Dual Wireless Induction Charge Stand for Samsung/LG",19.99,3.8 out of 5 stars,https://m.media-amazon.com/images/I/610SIwm1udL._AC_UY218_.jpg,https://www.amazon.com/s?k=phone+charger&page=5
"Magnetic Wireless Charger Stand, 3 in 1 Foldable Wireless Charging Station, Travel Charger for Multiple Devices for iPhone 16 15 14 13 12 Series, Apple Watch Ultra/9/8/7/6/5/4/3/2, AirPods",Price not available,4.3 out of 5 stars,https://m.media-amazon.com/images/I/71pNudi6GIL._AC_UY218_.jpg,https://www.amazon.com/s?k=phone+charger&page=5
"DUMTERR 3 in 1 Wireless Charger for iPhone 16/15/14/13/12,Wireless Charging Station for Apple Devices, Charging Stand for Apple Watch Series 10, for AirPods 4 (Black)",18.28,4.5 out of 5 stars,https://m.media-amazon.com/images/I/71vfeTYYemL._AC_UY218_.jpg,https://www.amazon.com/s?k=phone+charger&page=5
"USB C Wall Charger Fast for Samsung Galaxy S25 Ultra S25+ S24 FE S23 FE Ultra S23+ S22 S21 FE/Plus/Ultra S20 5G Note 20 S10e A16 A35 A15 A55 A54 A14, 2.1A Dual Charging Block Cube 6ft USB Type C Cable",11.99,4.4 out of 5 stars,https://m.media-amazon.com/images/I/71rjZxRIcXL._AC_UY218_.jpg,https://www.amazon.com/s?k=phone+charger&page=5
"Type C Charger Fast Charging, 2 Pack USB C Android Phone Wall Charger Block & 6ft Charge Cable Cord for Samsung Galaxy S10 9 8 Plus/Note 20 10 9 8/S20 S21 S22 S23 S24 Ultra/A52 53 54 55",7.99,4.4 out of 5 stars,https://m.media-amazon.com/images/I/51gHJK-C+qL._AC_UY218_.jpg,https://www.amazon.com/s?k=phone+charger&page=5
"Quick Charge 3.0 Fast Charger Compatible LG Stylo 4/5/6, LG G5 G6 G7 G8 V20 V30 V40 V50 ThinQ, Samsung Galaxy S24 S23 S22 S21, 18W Rapid Wall Charger with 6Ft USB Type C Charging Cord Cable",8.99,4.4 out of 5 stars,https://m.media-amazon.com/images/I/610kZDmg58L._AC_UY218_.jpg,https://www.amazon.com/s?k=phone+charger&page=5
"[4 Pack] USB C Charger Block Fast Charging Multiport Adpater [PD 20W USB-C & QC 3.0 USB-A Port] for IP 16/15/14/13/12/11/X/8, i Pad, Sam Sung, Google, Galaxy & More",11.99,4.6 out of 5 stars,https://m.media-amazon.com/images/I/51eAnSUfXSL._AC_UY218_.jpg,https://www.amazon.com/s?k=phone+charger&page=5
"Fast Charger for Samsung, Type C Fast Charging Cable Cord with Android Phone USB Wall Charger Block for Samsung Galaxy S10 9 8 Plus/Note 20 10 9 8/S20 S21 S22 S23 S24 Ultra/A52 53 54 55",5.66,4.3 out of 5 stars,https://m.media-amazon.com/images/I/61LE3aQyxlL._AC_UY218_.jpg,https://www.amazon.com/s?k=phone+charger&page=5
"Wireless Charger for iPhone - 3 in 1 Charging Station for Apple Multiple Devices, Foldable Magnetic Mag-Safe Travel Charging Pad for iPhone 16 15 14 13 12 Pro Max Plus iwatch Watch & Airpods",20.74,4.4 out of 5 stars,https://m.media-amazon.com/images/I/71aTSfDvZPL._AC_UY218_.jpg,https://www.amazon.com/s?k=phone+charger&page=5
"i Phone 16 15 Charger Fast Charging-20W USB C Power Brick with 6Ft Type C to C Cord for iP16/16 Pro/16 Plus/16 Pro Max/15 Series, i Pad Pro & More [3 Pack]",10.00,4.5 out of 5 stars,https://m.media-amazon.com/images/I/611kcFrtA0L._AC_UY218_.jpg,https://www.amazon.com/s?k=phone+charger&page=5
"USB C Cable 10ft 2Pack,3.1A Type C Charger Fast Charging Cord Braided Long USB A to USB C Cable for Samsung Galaxy A03s A12 A13 A14 A15 5G A32 A35 A53 A71 S20 S21 S22 S23 S24 Z FILP 6, Android Phone",9.99,4.5 out of 5 stars,https://m.media-amazon.com/images/I/61ttTSvTbyL._AC_UY218_.jpg,https://www.amazon.com/s?k=phone+charger&page=6
"Micro USB Cable, 3Pack 6FT Android Charger Cord Long Braided Sync Fast Charging Cables Compatible with Samsung Galaxy S6 S7 Edge, Android Phone -Blue",8.54,4.5 out of 5 stars,https://m.media-amazon.com/images/I/812HLPyJRVL._AC_UY218_.jpg,https://www.amazon.com/s?k=phone+charger&page=6
"Belkin MagSafe-Compatible Charger, 3-in-1 Wireless Charging Station, Qi2-Certified 15W Wireless Charger for Apple iPhone 16 Series, Apple Watch, AirPods w/Non-Slip Base, 40W Charger Included - White",77.07,4.4 out of 5 stars,https://m.media-amazon.com/images/I/61-V5DxTd-L._AC_UY218_.jpg,https://www.amazon.com/s?k=phone+charger&page=6
"VEEKTOMX Mini Power Bank 10000mAh, 22.5W Fast Charging Small Portable Charger with PD 3.0 & QC 3.0,USB C Slim Compact iPhone Charger, Dual Output Compatible with iPhone, Samsung,Travel Must Haves",Price not available,4.5 out of 5 stars,https://m.media-amazon.com/images/I/61UGlVvnb8L._AC_UY218_.jpg,https://www.amazon.com/s?k=phone+charger&page=6
"DEWALT Lightning to USB Cable — Reinforced Braided Cable for Lightning — Charger Cord Compatible with iPhone — Apple Compatible Charging Cable… (USB A to Lightning, 4 Foot)",16.99,4.6 out of 5 stars,https://m.media-amazon.com/images/I/71CLWiWwBbL._AC_UY218_.jpg,https://www.amazon.com/s?k=phone+charger&page=6
"OIITH Apple MFi Certified iPhone Charger Cable 3 Pack 6 Ft, Long Lightning Charging Cord, Fast 2.4A iPhone USB Cord Compatible with iPhone12/11/XS/Max/XR/X/8/8P/7P/6",129.94,4.4 out of 5 stars,https://m.media-amazon.com/images/I/71LLwM5z5gS._AC_UY218_.jpg,https://www.amazon.com/s?k=phone+charger&page=6
"Anker Laptop Power Bank, 25,000mAh Portable Charger with Triple 100W USB-C Ports for Multi-Device Charging, Built-in and Retractable Cables, for iPhone 16/15 Series, MacBook, Samsung, and More",Price not available,4.6 out of 5 stars,https://m.media-amazon.com/images/I/71Sn62lz-PL._AC_UY218_.jpg,https://www.amazon.com/s?k=phone+charger&page=6
"SAMSUNG 35W Dual Port Wall Charger USB C Adapter, Super Fast Charging Block for Galaxy Phones and Devices, Cable Not Included, 2021, US Version, Black",18.00,4.6 out of 5 stars,https://m.media-amazon.com/images/I/71HEtGcN04L._AC_UY218_.jpg,https://www.amazon.com/s?k=phone+charger&page=6
"[2-Pack,6FT]USB Type C Cable Fast Charging for Google Pixel 6,Android Charger Cable Type C Charging Cord for Google Pixel 8 Pro/8/7a/7 Pro/6 Pro/6a/5a/4a/5;Samsung Galaxy S24/S23/S22/S21Ultra/A54/A34",6.99,4.4 out of 5 stars,https://m.media-amazon.com/images/I/71UNlRy1zNL._AC_UY218_.jpg,https://www.amazon.com/s?k=phone+charger&page=6
"USB Type C Cable, Metal Braided Cord 6ft 2-Pack, Fast Type-C Charger Durable USB-A to USB-C Charging Cable for Samsung Galaxy S21 S20+ S10 S9 S8 A51 Note PS5 Controller Pixel",19.99,4.2 out of 5 stars,https://m.media-amazon.com/images/I/81smAglNKKS._AC_UY218_.jpg,https://www.amazon.com/s?k=phone+charger&page=6
"USB C Car Charger, 3.4A Fast Charging Car Charger for Samsung Galaxy S25 Ultra S24 FE S23 S22 S21 S20 S10E S9 S8 Note 20 10 A16 A15 A14 A56 A36 A26 A06 A50 A20 A51 A71 A21 A10E, with 3ft Type C Cable",7.99,4.6 out of 5 stars,https://m.media-amazon.com/images/I/6152CSkBiBL._AC_UY218_.jpg,https://www.amazon.com/s?k=phone+charger&page=6
"【MFi Certified】iPhone Fast Car Charger, Caiinei 4.8A Dual USB Power Car Charger Fast Charging Cigarette Lighter Adapter+6FT Coiled Lightning Cable for iPhone 14 13 12 11 Pro/XS Max/Mini/XR/X/8/SE/iPad",9.98,4.4 out of 5 stars,https://m.media-amazon.com/images/I/71EqYKP95qL._AC_UY218_.jpg,https://www.amazon.com/s?k=phone+charger&page=6
"Belkin 40W Dual Port USB-C Wall Charger, USB-C Charger Fast Charging for iPhone 16, 15, 14, 13, Pro, Pro Max, Plus, Samsung Galaxy S25, Pixel , iPad, AirPods, Nintendo Switch 2 & More - White",21.52,4.7 out of 5 stars,https://m.media-amazon.com/images/I/41p5NcYCfJL._AC_UY218_.jpg,https://www.amazon.com/s?k=phone+charger&page=6
"2Packs 6Ft USB Type C Cable Fast Charging Cord Phone Charger for LG Stylo 4 5 6, LG G5 G6 G7 G8 G8X V20 V30 V40 V50 ThinQ, LG Velvet 5G, Wing 5G, LG K51 K52 K61 K62 K71 K92",6.99,4.4 out of 5 stars,https://m.media-amazon.com/images/I/719MNJ2j+yL._AC_UY218_.jpg,https://www.amazon.com/s?k=phone+charger&page=6
"15W for Samsung Wireless Charger Fast Charging for Samsung Galaxy S25 Ultra S25+ S25 S24 FE S23 Ultra S22+ S21 S20 FE S10 S9, Wireless Charger Pad Phone Charging Station for Google Pixel 9 8a Pro 7a",12.15,4.1 out of 5 stars,https://m.media-amazon.com/images/I/61uwx0XZ-tL._AC_UY218_.jpg,https://www.amazon.com/s?k=phone+charger&page=6
"USB C Charger 200W USB C Charger Block,Upgraded GaN III 8-Port Fast Charging Station Hub,PD 65W Laptop Charging Adapter Compatible with MacBook Pro/Air,DELL,Steam Deck,iPhone 16/15/14,Galaxy S23/22",28.10,4.6 out of 5 stars,https://m.media-amazon.com/images/I/61+zx8++yML._AC_UY218_.jpg,https://www.amazon.com/s?k=phone+charger&page=6
"Belkin 20W Wall Charger, USB-C Charger Block, Fast Charging Block for iPhone 16, 15, 14, 13, Pro, Pro Max, Plus, Samsung Galaxy S25, Galaxy S24, Pixel, iPad, AirPods, Nintendo Switch 2 & More - White",14.40,4.7 out of 5 stars,https://m.media-amazon.com/images/I/41wTk51VByL._AC_UY218_.jpg,https://www.amazon.com/s?k=phone+charger&page=7
2025 New 45W Super Fast Charger Type C USB C Android Charger with C to C 6FT Long Type C Fast Charging Cable 2Pack for Samsung Galaxy S25/S25+/S25 Ultra/S24/S24+/S24 Ultra/S23/S23+/S23 Ultra/S22/S21,19.79,4.6 out of 5 stars,https://m.media-amazon.com/images/I/715WqFT1bxL._AC_UY218_.jpg,https://www.amazon.com/s?k=phone+charger&page=7
"Car Charger Adapter, Wall Plug Charging Cube with Type C Charger Cable Cord for LG Stylo 6/5/4 G8 G7 G6 V60 V50 V40 V35 ThinQ, Samsung Galaxy S25 S24 S23 S22 A16 5G A15 A20 A10E, Pixel 9 8 7a 6 Pro",12.99,4.5 out of 5 stars,https://m.media-amazon.com/images/I/71mZx+jw2zL._AC_UY218_.jpg,https://www.amazon.com/s?k=phone+charger&page=7
"Samsung 25W Wall Charger Power Adapter with Cable, Super Fast Charging, Compact Design, Energy Efficient, Compatible with Galaxy and USB Type C Devices, White",17.61,4.6 out of 5 stars,https://m.media-amazon.com/images/I/512oVDZ4RkL._AC_UY218_.jpg,https://www.amazon.com/s?k=phone+charger&page=7
"Phone Charger Plug for Samsung Galaxy S25 S24 A32 5G A16 A54 A15 A55 A14 A35 S23 S22 S21 LG Stylo 6 V60 V50, Pixel 9 8 7, 2 Dual Wall Charger Block with Type C Nylon Braided Cords USB C Cable 3ft+6ft",11.99,4.3 out of 5 stars,https://m.media-amazon.com/images/I/71uN+Btc25L._AC_UY218_.jpg,https://www.amazon.com/s?k=phone+charger&page=7
"Costyle Super Fast Charger Type C Block, 25W USB C Wall Charger Super Fast Charging Block with 10FT Long USB C Cable for Samsung Galaxy S24 S25Ultra S24+ S23 S23Ultra S22 S22Plus S20FE Note 20-Black",16.99,4.3 out of 5 stars,https://m.media-amazon.com/images/I/71puT03ES2L._AC_UY218_.jpg,https://www.amazon.com/s?k=phone+charger&page=7
25W Fast Type C Charger Block iPhone 15 Charger Cable Cord Phone Android Fast Charging for Samsung Galaxy A13 A53 5G A03S A02S A12 A11 A42 A32 A73 S22 S21 FE S20 A54 A14 5G Pixel 6,11.99,4.4 out of 5 stars,https://m.media-amazon.com/images/I/51RIX+avc0L._AC_UY218_.jpg,https://www.amazon.com/s?k=phone+charger&page=7
"Pixel 7a 9 Pro Wireless Charger Pad, 15W Fast Wireless Charging Pad with Adapter for Google Pixel 9 8a 7 Pro 7 6 Pro, iPhone 16 15 14 13 Pro Max,Samsung Galaxy S25 Ultra S24 S23 S23 FE S22 S21 Note 20",16.99,4.2 out of 5 stars,https://m.media-amazon.com/images/I/61hyD1q2Y+L._AC_UY218_.jpg,https://www.amazon.com/s?k=phone+charger&page=7
"Belkin MagSafe-Compatible Magnetic Wireless Car Charger 10W - BoostCharge Pro Wireless Charger, Magnetic Car Vent Phone Mount for iPhone 16, iPhone 15, 14, & 13 Series, Power Supply Included - Black",42.81,4.4 out of 5 stars,https://m.media-amazon.com/images/I/41J7NKG4nbL._AC_UY218_.jpg,https://www.amazon.com/s?k=phone+charger&page=7
"Magnetic Phone Charger, 5000mAh Ultra-Slim Magnetic Power Bank, Magnetic Portable Charger with USB-C Cable and Kickstand, Battery Pack Compatible with iPhone 16/15/14/13/12, Transparent Black",39.99,4.0 out of 5 stars,https://m.media-amazon.com/images/I/71obQ07rLiL._AC_UY218_.jpg,https://www.amazon.com/s?k=phone+charger&page=7
"2 in 1 Wireless Charger,Foldable 20W Fast Wireless Charging Stand Compatible with iPhone 16/16 Pro/15/14/13/12/X/AirPods,Dual Phone Induction Charge Station for Samsung,Pixel,Xperia,LG(No Plug)",16.99,3.8 out of 5 stars,https://m.media-amazon.com/images/I/61M7BsQTlpL._AC_UY218_.jpg,https://www.amazon.com/s?k=phone+charger&page=7
Fast Charger for Samsung Charger Fast Charging USB Type C 6.6ft Cable Cord for Samsung Galaxy Phone S10/S10e/S10+/S9/S9+/S8/S8+/S25/S24/S23/S22/S21/S20/Ultra/Note 20/Note 10/Note 9/ Fast Charger,5.99,4.4 out of 5 stars,https://m.media-amazon.com/images/I/51D2catsbNL._AC_UY218_.jpg,https://www.amazon.com/s?k=phone+charger&page=7
"USB C Fast Charger, 20W Type C Charger Fast Charger Block with 6FT USB C to C Charging Cable for Samsung Galaxy S25 S24 S23 S22 S21 FE S20 A16 A15 5G A14 A35 A55 A04s A13 A53 A03s, Pixel 9 8 7a 6 Pro",8.99,4.5 out of 5 stars,https://m.media-amazon.com/images/I/518m-P26WYL._AC_UY218_.jpg,https://www.amazon.com/s?k=phone+charger&page=7
DEWALT 2-Port USB Wall Charger — NeverBlock Worksite Charger — Dual 5V/2.1A Power AC Adapter — Fast Charging Block Cube for iPhone 14 13 12 SE 11Pro Max XS XR 8 Plus Samsung Galaxy Google Pixel,25.52,4.7 out of 5 stars,https://m.media-amazon.com/images/I/61Vh7P8YgHL._AC_UY218_.jpg,https://www.amazon.com/s?k=phone+charger&page=7
"3-in-1 Charging Station for Apple Devices: Used for iPhone and Watch Charging Station with Magsafe Charger Stand, Wireless Charger for iPhone15/14/13/12, Apple Watch 1-9/Ultra, AirPods 3 Pro",62.23,4.5 out of 5 stars,https://m.media-amazon.com/images/I/61PLq4YcMKL._AC_UY218_.jpg,https://www.amazon.com/s?k=phone+charger&page=7
"Retractable Lightning iPhone Cable, Charging Cord Compatible with Apple iPhone 14 Pro Max Plus Mini 13 12 11 Xs Xr X SE 8 7 6 5 iPad Pro Air Mini 6 iPod Touch, Nano (MFI Certified) (Lighting Black)",9.74,3.9 out of 5 stars,https://m.media-amazon.com/images/I/51YzpyAWuHL._AC_UY218_.jpg,https://www.amazon.com/s?k=phone+charger&page=7
"Amazon Basics 65W One-Port GaN USB-C Wall Charger with Power Delivery PD for Laptops,Tablets & Phones (iPhone 16/15/14/13/12/11/X, iPad, MacPro, Samsung, and More), Non-PPS, White",17.11,4.5 out of 5 stars,https://m.media-amazon.com/images/I/419UfLA3d8L._AC_UY218_.jpg,https://www.amazon.com/s?k=phone+charger&page=8
"DEWALT Heavy Duty USB C Cable, Jobsite 60 Watt USB C Cable, High Speed Type-C to Type-C, Fast Charge PD USBC Fast Charging Cord for iPhone 16/15 Plus Pro Max, MacBook, iPad, Samsung Galaxy, 4 ft",15.90,4.7 out of 5 stars,https://m.media-amazon.com/images/I/71qnqpwtV5L._AC_UY218_.jpg,https://www.amazon.com/s?k=phone+charger&page=8
"USB Wall Charger with Micro USB Cable for LG Stylo 3/2 K50 K40 K30 K20, Samsung Galaxy S7 S6 S5 J7 J3 Note 5/4, Micro Charger Set, Car Adapter, Charging Block with Android Fast Charging Cable Cords",11.99,4.2 out of 5 stars,https://m.media-amazon.com/images/I/71IhDkyvBeL._AC_UY218_.jpg,https://www.amazon.com/s?k=phone+charger&page=8
"Belkin 37W USB-C Wall Charger - Power Delivery 25W USB-C Port + 12W USB-A Port for PPS Charging Apple iPhone 16, 16 Plus, 16 Pro, 16 Pro Max, 15 Pro, Samsung Galaxy S25,Nintendo Switch 2 & More",8.99,4.6 out of 5 stars,https://m.media-amazon.com/images/I/41z7aGSdDTL._AC_UY218_.jpg,https://www.amazon.com/s?k=phone+charger&page=8
"USB C Charger Cable Fast Charging Cord 3PC for Samsung Galaxy A16 A15 5G/A35/S24 Ultra/A54/S23FE/A14/A55/A13/A53/S22/S21/S20,iPhone 16 15,Pixel 9 Pro/8a/7/6,Moto Edge2024/G Power,OnePlus Nord N200/N10",7.99,4.4 out of 5 stars,https://m.media-amazon.com/images/I/81il2FkIa7S._AC_UY218_.jpg,https://www.amazon.com/s?k=phone+charger&page=8
"Belkin BoostCharge Dual Car Charger 42W w/Fast Charge USB-C 30W PPS & 12W USB-A Ports for Apple iPhone 16, 16 Pro, 16 Pro Max, iPhone 15 Series, iPhone 14 Series, Samsung Galaxy S25, & More - Black",16.42,4.8 out of 5 stars,https://m.media-amazon.com/images/I/51-Y6FfowfL._AC_UY218_.jpg,https://www.amazon.com/s?k=phone+charger&page=8
"Belkin RockStar Lightning Audio Cable and Charger for iPhone 14, 13, 12, 11, 10 - White",24.91,4.4 out of 5 stars,https://m.media-amazon.com/images/I/41VO3wkfrPL._AC_UY218_.jpg,https://www.amazon.com/s?k=phone+charger&page=8
"iOttie Auto Sense Qi Wireless Car Charger - Automatic Clamping Dashboard Phone Mount with Wireless Charging for Google Pixel, iPhone, Samsung Galaxy, Huawei, LG, and other Smartphones.",Price not available,4.2 out of 5 stars,https://m.media-amazon.com/images/I/816jn2Wtx8L._AC_UY218_.jpg,https://www.amazon.com/s?k=phone+charger&page=8
"Belkin MagSafe-Compatible Wireless Car Charger with 15W Fast Charging, Powerful Magnetic Vent Holder for iPhone 16, 15, 14, 13, and 12 Series, Secure Car Phone Mount - White",48.00,4.3 out of 5 stars,https://m.media-amazon.com/images/I/41uonXz1JwL._AC_UY218_.jpg,https://www.amazon.com/s?k=phone+charger&page=8
"Belkin 24W Dual Port USB Wall Charger - iPhone Fast Charging - Charging Block for Power Bank, iPhone 16, iPhone 15, iPhone 14, iPad Pro, Samsung Nintendo Switch 2 & More, (Cable Not Included)",12.24,4.6 out of 5 stars,https://m.media-amazon.com/images/I/51wBkzFZJML._AC_UY218_.jpg,https://www.amazon.com/s?k=phone+charger&page=8
"Car Charger, 150W 2-Socket Cigarette Lighter Splitter QC 3.0 Dual USB Ports 1 USB C Fast Car Adapter with Separate Switch LED Voltmeter Replaceable 15A Fuse for GPS/Dash Cam/Phone/iPad",15.19,4.6 out of 5 stars,https://m.media-amazon.com/images/I/61+LwKvvCSL._AC_UY218_.jpg,https://www.amazon.com/s?k=phone+charger&page=8
Belkin BoostCharge Braided Lightning Cable - 6.6ft/2M - MFi Certified Apple iPhone Charger USB to Lightning Cable 6ft - iPhone Cable - iPhone Charger Cable - Apple Charger - USB Phone Charger - Black,13.05,4.6 out of 5 stars,https://m.media-amazon.com/images/I/7151q+ZmmwL._AC_UY218_.jpg,https://www.amazon.com/s?k=phone+charger&page=8
"Belkin 65W Dual USB-C Wall Charger, Fast Charging Power Delivery 3.0 w/ GaN Technology for iPhone 16, 15, 14, 13, Pro, Pro Max, iPad, MacBook, Galaxy S25 Ultra, Nintendo Switch 2 & More - White",29.69,4.6 out of 5 stars,https://m.media-amazon.com/images/I/41M3InQ98AL._AC_UY218_.jpg,https://www.amazon.com/s?k=phone+charger&page=8
HALO Usb Bolt 58830 mWh Portable Phone Laptop Charger Car Jump Starter with AC Outlet and Car Charger - Blue Graphite,56.34,4.7 out of 5 stars,https://m.media-amazon.com/images/I/71Wt3ip2Q5L._AC_UY218_.jpg,https://www.amazon.com/s?k=phone+charger&page=8
"Magnetic Wireless Charger for iPhone 16 15, 2 Pack 15W Max iPhone Wireless Charger Fast Charging Pad Mag Safe Charger with 20W USB C Wall Charger for iPhone 16/16 Plus/16 Pro/16 Pro Max/15/14/13/12",15.99,4.3 out of 5 stars,https://m.media-amazon.com/images/I/51D21Q4oLwL._AC_UY218_.jpg,https://www.amazon.com/s?k=phone+charger&page=8
Scanstrut ROKK Wireless - Active. 10W Waterproof Wireless Phone Charging Mount 12/24V,96.43,4.8 out of 5 stars,https://m.media-amazon.com/images/I/41QdoLwdSfL._AC_UY218_.jpg,https://www.amazon.com/s?k=phone+charger&page=8
"USB C Super Fast Wall Charger with 6ft Android Phone Charger Cable, 20W Type C Charger Fast Charging for Samsung Galaxy A56 A36 A26 A16 5G A15 A14 A13 A12 A53 A54 A55 A35 A03s S25 Ultra S24 FE S23 S22",8.99,4.6 out of 5 stars,https://m.media-amazon.com/images/I/71tgR49dn3L._AC_UY218_.jpg,https://www.amazon.com/s?k=phone+charger&page=9
"UGREEN 30W USB C Charger, Nexode Foldable GaN PPS Compact Fast Wall Charger Block, USB-C Power Adapter for iPhone 16/15/14, Galaxy S25/S24/S23, Pixel 9/8/7, MacBook Air, iPad(White)",Price not available,4.7 out of 5 stars,https://m.media-amazon.com/images/I/41JuQmS8yxL._AC_UY218_.jpg,https://www.amazon.com/s?k=phone+charger&page=9
"Android Wireless Charger Fast Charging Pad for Samsung Galaxy S25 Ultra S25+ S25 S24 FE S24 Ultra S24+ S24 S23 S22 S21 S20 FE, Pixel Wireless Charger Phone Charger Station for Google Pixel 9 8a 7 Pro",16.99,4.2 out of 5 stars,https://m.media-amazon.com/images/I/61IY9gQca8L._AC_UY218_.jpg,https://www.amazon.com/s?k=phone+charger&page=9
"Fast Charger Type C Fast Charging for Samsung Galaxy A16 A15 5G A14 S25 Ultra A55 A54 A53 A35 A13 A03s S24 S23 S22 S21 FE S20, Pixel 9 8a 7 Pro, 20W Android Phone Charger Block, 6ft USB C to C Cable",14.99,4.3 out of 5 stars,https://m.media-amazon.com/images/I/61jYcOQChxL._AC_UY218_.jpg,https://www.amazon.com/s?k=phone+charger&page=9
"iOttie Car Charger Easy One Touch Wireless 2 Qi Charging Dashboard Phone Mount for iPhone, Samsung Galaxy, Huawei, LG, Smartphones",Price not available,4.2 out of 5 stars,https://m.media-amazon.com/images/I/61yjfMT1gyL._AC_UY218_.jpg,https://www.amazon.com/s?k=phone+charger&page=9
"Belkin BoostCharge Nylon Braided USB C to Lightning Cable 3.3ft/1M - MFi Certified 18W Power Delivery iPhone Charger Cord - Apple Charger USB C Cable - Fast Charging for iPhone 14, iPhone 13 - White",13.95,4.4 out of 5 stars,https://m.media-amazon.com/images/I/41FxdR8QNQL._AC_UY218_.jpg,https://www.amazon.com/s?k=phone+charger&page=9
"Belkin 45W Dual USB-C Wall Charger, Fast Charging Power Delivery 3.0 w/ GaN Technology for iPhone 16, 15, 14, 13, Pro, Pro Max, iPad Pro, MacBook, Galaxy S25, Nintendo Switch 2 & More - Black",30.28,4.7 out of 5 stars,https://m.media-amazon.com/images/I/51yGzEa2IIL._AC_UY218_.jpg,https://www.amazon.com/s?k=phone+charger&page=9
"40W Wireless Charging Pad,Dual 20W Charging mat for Apple iPhone 16 15 14 13 12 11 Pro/Max/Mini/Plus/XS/XR,Airpods 4/3/Pro,2 in 1 Wireless Phone Charger for Samsung,Pixel,Xperia(with PD Adapter)",25.99,3.7 out of 5 stars,https://m.media-amazon.com/images/I/71vFXu8YS-L._AC_UY218_.jpg,https://www.amazon.com/s?k=phone+charger&page=9
"25W Fast Phone Charger for Motorola Edge, Edge+, Razr, 2021 2022 2023 2024, One 5G, Moto G Stylus, Pure, Play, Power, G8 G7 Plus, X4 Z4 Z3 Z2 Play Force, Wall Power Adapter with USB C Cable",9.99,4.4 out of 5 stars,https://m.media-amazon.com/images/I/617rn4rh7JL._AC_UY218_.jpg,https://www.amazon.com/s?k=phone+charger&page=9
"Twelve South HiRise 3 Deluxe | Compact Luxury MagSafe Stand for iPhone, AirPods and Apple Watch",Price not available,4.3 out of 5 stars,https://m.media-amazon.com/images/I/71K4+aNS8GL._AC_UY218_.jpg,https://www.amazon.com/s?k=phone+charger&page=9
"Otium USB C Car Charger, 2 Sockets Cigarette Lighter Splitter 12/24V 80W Dual USB Type-C Ports Separate Switch LED Voltage Display Built-in Replaceable 10A Fuse Compatible Mobile Phone GPS Dash Cam",14.72,4.6 out of 5 stars,https://m.media-amazon.com/images/I/61n781HqtYL._AC_UY218_.jpg,https://www.amazon.com/s?k=phone+charger&page=9
"MRGLAS Retractable Car Charger, [Upgraded] 4 in 1 69W Fast USB C Car Adapter, 2 Retractable Cables & 2 USB Ports Car Phone Charger, for iPhone 16/15/14/13, iPad, Samsung Galaxy, Pixel",23.99,4.5 out of 5 stars,https://m.media-amazon.com/images/I/71+iobHjCPL._AC_UY218_.jpg,https://www.amazon.com/s?k=phone+charger&page=9
"Anker USB C Charger Block 20W, 511 Charger (Nano Pro), PIQ 3.0 Compact Fast Charger for iPhone 16/16 Plus/16 Pro/16 Pro Max, 15 Series, Galaxy, Pixel 4/3, iPad (2 Pack & 2 Cable)",Price not available,4.7 out of 5 stars,https://m.media-amazon.com/images/I/617a83AftnL._AC_UY218_.jpg,https://www.amazon.com/s?k=phone+charger&page=9
"Belkin 36-Watt Dual-USB Car Charger - Power Delivery 2 18W USB-C Ports with PPS Charging Apple iPhone 14, 14 Pro, 14 Pro Max, iPhone 13, 13 Pro, 13 Pro Max Samsung Galaxy, AirPods - USB-C Charger",24.42,4.8 out of 5 stars,https://m.media-amazon.com/images/I/71nt8kfpgDL._AC_UY218_.jpg,https://www.amazon.com/s?k=phone+charger&page=9
"Belkin 37-Watt Dual USB Car Charger - Power Delivery 25W USB-C Port & 12W USB-A Port for PPS Charging Apple iPhone, Samsung Galaxy, AirPods, & More",17.02,4.8 out of 5 stars,https://m.media-amazon.com/images/I/51b48hzeuXL._AC_UY218_.jpg,https://www.amazon.com/s?k=phone+charger&page=9
Belkin MagSafe Vent Mount Pro MagSafe iPhone Mount For Car - Silver,19.74,4.4 out of 5 stars,https://m.media-amazon.com/images/I/615ZyRGaKVL._AC_UY218_.jpg,https://www.amazon.com/s?k=phone+charger&page=9
"UCOMX Nano Mini Magnetic 2 in 1 Wireless Charger,Traveler Wireless Folding Charging Station,Compatible for iPhone 12/13/14/15/16Pro Max,AirPods Pro,iWatch Ultra,Travel Charger for Multple Devices",16.14,4.2 out of 5 stars,https://m.media-amazon.com/images/I/51tu6pgwbZL._AC_UY218_.jpg,https://www.amazon.com/s?k=phone+charger&page=10
"Magnetic Charging Station,PDKUAI for MagSafe 4 in 1 Fast Wireless Charger Stand for iPhone 16,15,14,13,12 Pro/Max/Mini/Plus,Apple Watch 10/9/8/7/6/SE/5/Ultra and Airpods Pro/4/3 with Adapter-White",24.64,3.8 out of 5 stars,https://m.media-amazon.com/images/I/61gMoFB908L._AC_UY218_.jpg,https://www.amazon.com/s?k=phone+charger&page=10
"MOVE SPEED 2025 Upgrade 70000mAh Power Bank High Capacity, 22.5W Max PD 3.0 Fast Charging, Large Power Bank,4 Outputs 2 Inputs,LED Display,USB-C Battery Packs for iPhone, Samsung,Camping,Travel",Price not available,4.5 out of 5 stars,https://m.media-amazon.com/images/I/61OQfgXIISL._AC_UY218_.jpg,https://www.amazon.com/s?k=phone+charger&page=10
"BoxWave Charger Compatible with Jitterbug Flip - Wall Charger Direct (15W), Rapid Charge Your Device with Built-in 6ft Cable",Price not available,4.2 out of 5 stars,https://m.media-amazon.com/images/I/61EjbEZQW3L._AC_UY218_.jpg,https://www.amazon.com/s?k=phone+charger&page=10
"iOttie RapidVolt 20W Car Charger. Type C High-Speed USB-C Phone Charger Power Adapter for Apple, Android, and Samsung Phones and Tablets",Price not available,4.5 out of 5 stars,https://m.media-amazon.com/images/I/411VrKzQNlL._AC_UY218_.jpg,https://www.amazon.com/s?k=phone+charger&page=10
"iPhone 16 15 Charger Fast Charging, 3 Pack 20W USB C Wall Charger Fast Charging with 10FT USB C to C Charging Cable for iPhone 16/16 Plus/16 Pro/16 Pro Max/15/15 Pro/15 Pro Max/15 Plus, iPad Pro",16.99,4.6 out of 5 stars,https://m.media-amazon.com/images/I/61p4S1SGYCL._AC_UY218_.jpg,https://www.amazon.com/s?k=phone+charger&page=10
"3Pack 10FT Samsung Fast Charging Cable USB Type C Long Phone Charger Cord for Samsung Galaxy A16 S24 Ultra A15 5G A35 A54 S23+,Moto Edge/Razr+ 2024,G Stylus 5G,G Power,iPhone 16 15,Pixel 9 Pro XL 8a 7",11.99,4.4 out of 5 stars,https://m.media-amazon.com/images/I/71morO6QmOL._AC_UY218_.jpg,https://www.amazon.com/s?k=phone+charger&page=10
"PopSockets PowerPack for MagSafe Magnetic Power Bank, Portable Phone Charger, Magnetic Wireless Battery Pack, 5000mAh for iPhone 16/15/14/13/12 Pro/Pro Max/Plus - Black",37.43,3.8 out of 5 stars,https://m.media-amazon.com/images/I/713B-wrV3NL._AC_UY218_.jpg,https://www.amazon.com/s?k=phone+charger&page=10
"Phone Charger for Nokia Blu, 2760 C100 X100 XR20 G10 G20 G50 G300 8V T10 T20 C200, Blu View 3 View 2 M8l M10l G9 G90 Pro G91 Max G91 Pro G91S G50 MEGA G70 USB C Charging Cable Cord Wall Adapter",11.95,4.6 out of 5 stars,https://m.media-amazon.com/images/I/61I22DzvyeL._AC_UY218_.jpg,https://www.amazon.com/s?k=phone+charger&page=10
"Belkin BoostCharge Pro Flex Braided USB-C to USB-C Charger Cable (2M/6.6FT), USB-IF Certified Power Delivery PD Fast Charging Cable for iPhone 16 Series, MacBook Pro, iPad Pro, Galaxy S25, S24 - Black",9.57,4.6 out of 5 stars,https://m.media-amazon.com/images/I/51eyZcgDueL._AC_UY218_.jpg,https://www.amazon.com/s?k=phone+charger&page=10
"ANJANK Digital LED Alarm Clock FM Radio, Fast Wireless Charger Station for iPhone/Samsung Galaxy, 5 Level Dimmer, USB Charging Port, 2 Sounds, Sleep Timer for Bedroom, Bedside, Desk - Wood",24.36,4.3 out of 5 stars,https://m.media-amazon.com/images/I/61aukLzYBBL._AC_UY218_.jpg,https://www.amazon.com/s?k=phone+charger&page=10
"for iPhone Car Charger with Carplay Cable, 2Pack Dual Port USB Car Adapter Accessories with iPhone Charger Cord Charging Cable for iPhone 14/14 Plus/14 Pro Max/14 Mini/13/12/11/XS/XR/X/SE, iPad & More",16.99,4.5 out of 5 stars,https://m.media-amazon.com/images/I/71jCA8UgqBL._AC_UY218_.jpg,https://www.amazon.com/s?k=phone+charger&page=10
OtterBox Wireless Charging Stand 2.0 for MagSafe - White,33.75,4.6 out of 5 stars,https://m.media-amazon.com/images/I/61PZhauGSPL._AC_UY218_.jpg,https://www.amazon.com/s?k=phone+charger&page=10
"Mob Armor Flex Charge Plus Stixx - Android and iPhone Car Charger and Accessories - Voltage Series 38W USB and USB C Car Charger, Wireless Magnetic Phone Charger, and Mobnetic Stixx Phone Mount",Price not available,5.0 out of 5 stars,https://m.media-amazon.com/images/I/81uq1xXSprL._AC_UY218_.jpg,https://www.amazon.com/s?k=phone+charger&page=10
"IFNOT Wireless Charging Station, 5 in 1 Fast Mag Safe Magnetic Charger Stand for iPhone 14,13,12 Pro/Max/Mini/Plus, Apple Watch Ultra 8/7/6/SE/5/4/3/2 and Airpods 3/2/Pro (White), YM-UD22",16.99,4.4 out of 5 stars,https://m.media-amazon.com/images/I/71SQ6v9t8ML._AC_UY218_.jpg,https://www.amazon.com/s?k=phone+charger&page=10
"DEWALT USB C Car Charger, 120W 2-Port PD 3.0 Type C Adapter, PPS Fast Charging with Power Delivery for iPhone 16 15 14 13 12 11 X XS Pro Max Mini, Galaxy S22/S20/S10, Pixel, iPad/iPad Mini, and More",64.58,4.6 out of 5 stars,https://m.media-amazon.com/images/I/61NjY7UG8fL._AC_UY218_.jpg,https://www.amazon.com/s?k=phone+charger&page=10
"BAGSMART Electronics Travel Organizer Case, Tech Accessories Cord Storage Bag for Phone, Power Bank, SD Card, Cables, Black",8.26,4.6 out of 5 stars,https://m.media-amazon.com/images/I/715h98AKwDL._AC_UY218_.jpg,https://www.amazon.com/s?k=phone+charger&page=11
"[Apple MFi Certified] iPhone Charger Fast Car Charging, BARMASO 4.8A USB Power Rapid Car Charger with Built-in Coiled Lightning + 6FT Lightning Cable for iPhone 14 13 12 11 Pro/XS/XR/X/SE/iPad/AirPods",7.99,4.5 out of 5 stars,https://m.media-amazon.com/images/I/61MshZA+UmL._AC_UY218_.jpg,https://www.amazon.com/s?k=phone+charger&page=11
"iOttie Auto Sense 2 Fold Qi Wireless Car Charger -Wireless Charging Automatic Clamping Dashboard Car Phone Mount for Google Pixel Fold, Galaxy Z Fold 4, Galaxy Z Flip 4, Other Foldable Smartphones",Price not available,3.4 out of 5 stars,https://m.media-amazon.com/images/I/61o93c6HivL._AC_UY218_.jpg,https://www.amazon.com/s?k=phone+charger&page=11
IVY QI Wireless Charging Receiver Adapter with Fast&Smart Microchip Technology for Samsung Galaxy A15 A55 A35 A25 A54 A14 A34 A24 A04 A13 A23 A33 A53 A12 A22 A32 A42 A52 A03S A05 A05S A72 Type-C,12.99,3.7 out of 5 stars,https://m.media-amazon.com/images/I/41mWkQyJaRL._AC_UY218_.jpg,https://www.amazon.com/s?k=phone+charger&page=11
"Pixel 9/8/7/6/5/4/3 Fast Charger, 20W USB C Power Adapter with 6FT Type C to C Cable for Google Pixel 9 Pro XL Fold 8a 8 Pro 7a 7 Pro 6a 6 Pro 5 4a 3XL 2 XL, Samsung Galaxy A15 5g A14 A35 A55 A13 S24",14.99,4.5 out of 5 stars,https://m.media-amazon.com/images/I/51P6pcvM2gL._AC_UY218_.jpg,https://www.amazon.com/s?k=phone+charger&page=11
"BoxWave Charger Compatible with Orbic Journey V (Charger Wall Charger Direct (5W), Wall Plug Charger for Orbic Journey V, Orbic Journey V | Slim",Price not available,4.3 out of 5 stars,https://m.media-amazon.com/images/I/41aX7xPinsL._AC_UY218_.jpg,https://www.amazon.com/s?k=phone+charger&page=11
"DEWALT Heavy Duty USB C Cable, Jobsite 60 Watt USB C Cable, High Speed Type-C to Type-C, Fast Charge PD USBC Fast Charging Cord for iPhone 16/15 Plus Pro Max, MacBook, iPad, Samsung Galaxy, 10 ft",19.10,4.7 out of 5 stars,https://m.media-amazon.com/images/I/71p5uQdB4FL._AC_UY218_.jpg,https://www.amazon.com/s?k=phone+charger&page=11
"Renogy 30W Portable Solar Charger with 2 USB Ports, Foldable Sunpower Solar Panel for Camping, Hiking, and Outdoor Activities, IP65 Waterproof, Compatible with Cell Phone, iPhone, iPad, Samsung Galaxy",45.43,4.6 out of 5 stars,https://m.media-amazon.com/images/I/61WTXZ-mVwL._AC_UY218_.jpg,https://www.amazon.com/s?k=phone+charger&page=11
"SunJack 25 Watt Foldable IP67 Waterproof ETFE Monocrystalline Solar Panel Charger with USB-C and USB-A for Cell Phones, Tablets and Portable for Backpacking, Camping, Hiking and More",Price not available,4.5 out of 5 stars,https://m.media-amazon.com/images/I/71bSR1iRCBL._AC_UY218_.jpg,https://www.amazon.com/s?k=phone+charger&page=11
ROKK Wireless - Nano 10W. Waterproof wireless compact phone charging Mount 12/24V AVAILABLE Q1 2023,82.05,4.5 out of 5 stars,https://m.media-amazon.com/images/I/71BVkVMKEEL._AC_UY218_.jpg,https://www.amazon.com/s?k=phone+charger&page=11
USB Charger Cable for Sony Ericsson C510 C510i C702 C702i C901 C901i C902 C902i C903 C903i C905 C905i D750 D750i F305 F305i G502 G502i G700 G700i G705 G705i G900 G900i G902 G902i J100 J100i J220,8.88,3.7 out of 5 stars,https://m.media-amazon.com/images/I/51ugi-ZC2nL._AC_UY218_.jpg,https://www.amazon.com/s?k=phone+charger&page=11
Mob Armor Flex Charge Plus - Android and iPhone Car Charger Bundle Pack - Voltage Series 38W USB C and USB A Car Charger and Wireless Car Charger - Dual USB Car Charger and Wireless Charging Car Mount,Price not available,2.7 out of 5 stars,https://m.media-amazon.com/images/I/812a8DB7N4L._AC_UY218_.jpg,https://www.amazon.com/s?k=phone+charger&page=11
"Blue Sea Systems 1016 Dual USB Charger Socket, 12/24v 2.1a, Black",17.42,4.5 out of 5 stars,https://m.media-amazon.com/images/I/616Es27n5LL._AC_UY218_.jpg,https://www.amazon.com/s?k=phone+charger&page=11
"3 in 1 Wireless Charging Pad Compatible with MagSafe Charger for iPhone 16-12 Series, iWatch Ultra/SE/10-3 Series, AirPods Pro 2/Pro/4/3/2, 15W Fast Magnetic Wireless Charger with Dual Charging Ports",13.99,4.6 out of 5 stars,https://m.media-amazon.com/images/I/71KLtIziaUL._AC_UY218_.jpg,https://www.amazon.com/s?k=phone+charger&page=11
"Portable Charger Power Bank Fast Charging, 10000mAh 22.5W Battery Pack with USB-C in&Out LED Display, PD 3.0 QC 4.0 External Phone Powerbank for iPhone Samsung etc Smartphones and All USB Devices",Price not available,No rating,https://m.media-amazon.com/images/I/51VrO0YmgrL._AC_UY218_.jpg,https://www.amazon.com/s?k=phone+charger&page=11
DEWALT Battery Charger and USB Wall Charging Kit (DCB094K),63.20,4.6 out of 5 stars,https://m.media-amazon.com/images/I/61WdsSYuVvL._AC_UY218_.jpg,https://www.amazon.com/s?k=phone+charger&page=11
"LISEN for iPhone 16 Magsafe Car Mount Charger,15W Wireless Car Charger Mount, Magnetic Air Vent Car Phone Holder for iPhone 16/Pro/Plus/Pro Max/iPhone 15/14/13/12 Series",29.99,4.1 out of 5 stars,https://m.media-amazon.com/images/I/813firGrFKL._AC_UY218_.jpg,https://www.amazon.com/s?k=phone+charger&page=12
"Kuulaa for Magsafe Portable Charger 5000mAh, 0.41IN Ultra Slim Magnetic Power Bank,20W Wireless Portable Charger, USB C Battery Pack for iPhone 15/14/13/12/Mini/Pro/Pro Max,Dark Blue",37.49,3.8 out of 5 stars,https://m.media-amazon.com/images/I/61nvEZZ-aJL._AC_UY218_.jpg,https://www.amazon.com/s?k=phone+charger&page=12
"Dog Humping Phone Charger, Dog Phone Charger, Humping/Anxiety Dog Charger for Android & Ipnone,Dog Charger for Phone,Funny Humping Dog Fast Charger Cable, Portable Stray Dog Charging Cable(White,For I",15.07,No rating,https://m.media-amazon.com/images/I/51F9tPYciDL._AC_UY218_.jpg,https://www.amazon.com/s?k=phone+charger&page=12
Ohio State Home Wireless Charger 10W Max Fast Wireless Charging Pad Compatible with iPhone 16/16 Plus/16 Pro Max /15/14/13/12 Series Galaxy Series,27.99,No rating,https://m.media-amazon.com/images/I/61XYosJZlGL._AC_UY218_.jpg,https://www.amazon.com/s?k=phone+charger&page=12
Cummins Android Compatible Charger Cord Type C 8ft Metal Braided C-A Cable CMN5029-8 Feet Long,17.99,3.7 out of 5 stars,https://m.media-amazon.com/images/I/51hEQmymhVL._AC_UY218_.jpg,https://www.amazon.com/s?k=phone+charger&page=12
"BoxWave Charger Compatible with Consumer Cellular IRIS Easy Flip - Wall Charger Direct (15W), Rapid Charge Your Device with Built-in 6ft Cable",Price not available,No rating,https://m.media-amazon.com/images/I/41PsBoa5A8L._AC_UY218_.jpg,https://www.amazon.com/s?k=phone+charger&page=12
"Eton Odyssey Hand Crank Emergency Radio, NOAA Weather Radio, AM/FM Shortwave Radio, Flashlight, Phone Charger, Solar Charger, Bluetooth Speaker, Officially Licensed American Red Cross Radio",Price not available,4.2 out of 5 stars,https://m.media-amazon.com/images/I/51OGB6Aaa1L._AC_UY218_.jpg,https://www.amazon.com/s?k=phone+charger&page=12
"Portable Charger, 22.5W Fast Charging Power Bank 10000mAh with Digital Display Battery Pack Travel Essentials, USB C Input Output 2-in-1 powerbank, for iPhone 16/15/14 Series, Samsung, Google,Android",Price not available,No rating,https://m.media-amazon.com/images/I/61Qq81tHWyL._AC_UY218_.jpg,https://www.amazon.com/s?k=phone+charger&page=12
"MPOWERD Luci Solar String Lights + Phone Charger: Rechargeable via Solar or USB-C, White 18', 100 Lumens LEDs, Lasts Up to 20 Hours, Waterproof, Camping, Pool/Patio, and Travel",32.97,4.2 out of 5 stars,https://m.media-amazon.com/images/I/61Rx8zdGhiL._AC_UY218_.jpg,https://www.amazon.com/s?k=phone+charger&page=12
"iontech 240W 16Pin USB C Magnetic Charging Cable, 6 in 1 Magnetic Fast Multi Charger, 180° Rotation Data Cable for MacBook Pro iPad, iPhone Samsung Android Phone Tablet Gaming Console (3ft)",14.33,3.3 out of 5 stars,https://m.media-amazon.com/images/I/71x4Z0USdRL._AC_UY218_.jpg,https://www.amazon.com/s?k=phone+charger&page=12
Soft Night Light Ambient Light 15W 3-in-1 Wireless Charger for Apple Shelf for iPhone 16pro 15/14/13 Watch Ultra2 AirPods pro,29.00,No rating,https://m.media-amazon.com/images/I/51qq6mgMbOL._AC_UY218_.jpg,https://www.amazon.com/s?k=phone+charger&page=12
"Vacuum Magnetic Suction Cup Phone Mount for Magsafe, 360° Adjustable Magnetic Phone Holder, Pocket Size Foldable Portable Cell Phone Holders for Your Car for All Smartphones & All Car Models",9.00,4.4 out of 5 stars,https://m.media-amazon.com/images/I/71mYNY8GkML._AC_UY218_.jpg,https://www.amazon.com/s?k=phone+charger&page=12
"BoxWave Charger Compatible with Samsung Galaxy J3 Orbit - Wall Charger Direct (5W), Wall Plug Charger for Samsung Galaxy J3 Orbit",Price not available,4.4 out of 5 stars,https://m.media-amazon.com/images/I/61g40sXJdFL._AC_UY218_.jpg,https://www.amazon.com/s?k=phone+charger&page=12
"Getname Necklace Multi Font Personalized USB Cable with Name Tag - Customized Phone Charger Cord Compatible with iPhone, Type C, Micro USB - Custom 3D Print Tag",15.99,No rating,https://m.media-amazon.com/images/I/51-vTLf4+IL._AC_UY218_.jpg,https://www.amazon.com/s?k=phone+charger&page=12
"BoxWave Car Charger Compatible with Kyocera DuraXE Epic (with Camera) - Car Charger Plus, Car Charger Extra USB Port with Integrated Cable - Black",Price not available,5.0 out of 5 stars,https://m.media-amazon.com/images/I/51LODQ9aQZL._AC_UY218_.jpg,https://www.amazon.com/s?k=phone+charger&page=12
"BoxWave Car Charger Compatible with Nokia 2720 Flip - Car Charger Plus, Car Charger Extra USB Port with Integrated Cable - Black",Price not available,No rating,https://m.media-amazon.com/images/I/61JZpZfvT0L._AC_UY218_.jpg,https://www.amazon.com/s?k=phone+charger&page=12
Cherry Flowers Blossoming Wireless Charger 10W Max Fast Charging Pad Compatible with iPhone Galaxy Series,25.99,No rating,https://m.media-amazon.com/images/I/71Ag4Dm5ruL._AC_UY218_.jpg,https://www.amazon.com/s?k=phone+charger&page=13
"Scosche Magnetic Wireless Phone Charger and Charger Holder for Desk, 6ft Fast USB-C Wireless Charging Pad with Stand Compatible with MagSafe iPhone 16 15 14 13 12 Pro, Pro Max, Plus, Mini, Black",34.99,No rating,https://m.media-amazon.com/images/I/51L6o9AYUOL._AC_UY218_.jpg,https://www.amazon.com/s?k=phone+charger&page=13
"Smartpix Wireless Charging Station: 10W Charger, Slide-in Non-Digital 4x6 Picture Frame, Desk Dock & Nightstand Accessory, Clutter-Free Design",25.97,2.8 out of 5 stars,https://m.media-amazon.com/images/I/61YouCDOR5L._AC_UY218_.jpg,https://www.amazon.com/s?k=phone+charger&page=13
Blue Sea Systems 1016 Dual USB Charger Socket Two USB Ports with,19.99,4.1 out of 5 stars,https://m.media-amazon.com/images/I/81JTye8zY7L._AC_UY218_.jpg,https://www.amazon.com/s?k=phone+charger&page=13
for Hyundai Elantra 2021-2024 Wireless Phone Charging Pad Silicone Material Dual Charging Ports Charger Station 15W Adapter for Smartphone Black,24.99,3.0 out of 5 stars,https://m.media-amazon.com/images/I/71Uvhw2E9eL._AC_UY218_.jpg,https://www.amazon.com/s?k=phone+charger&page=13
Turtle Wireless Charger Phone Charger Fast Wireless Charging Pad Wireless Charge Mat for Women Men,26.09,No rating,https://m.media-amazon.com/images/I/71MRmAsxFEL._AC_UY218_.jpg,https://www.amazon.com/s?k=phone+charger&page=13
Soccer Ball Phone Wireless Charger 10W Fast Wireless Charging Pad for Home Work,25.29,No rating,https://m.media-amazon.com/images/I/617t5JwDtcL._AC_UY218_.jpg,https://www.amazon.com/s?k=phone+charger&page=13
Scanstrut Flip Pro Fast Charge Dual USB Socket,40.26,4.4 out of 5 stars,https://m.media-amazon.com/images/I/618NYsx65XL._AC_UY218_.jpg,https://www.amazon.com/s?k=phone+charger&page=13
"i-Blason Armorbox for Samsung Galaxy S24 Ultra Case MagSafe with Camera Cover Stand [Support Wireless Charger] 360 Full-Body Case with Screen Protector & Kickstand Phone Case for S24 Ultra, Gray",51.05,4.4 out of 5 stars,https://m.media-amazon.com/images/I/71NUzQv0UHL._AC_UY218_.jpg,https://www.amazon.com/s?k=phone+charger&page=13
Nilight Motorcycle Charger with 12V Voltmeter Independent On Off Switch SAE USB Adapter Inline 10A Fuse Waterproof 6.8A Dual QC3.0 Fast Charging Phone Tablet for 7/8inch Handlebar ATV,18.89,4.5 out of 5 stars,https://m.media-amazon.com/images/I/71mwT-hyT+L._AC_UY218_.jpg,https://www.amazon.com/s?k=phone+charger&page=13
"HALO Bolt 58830 mWh Portable Phone Laptop Charger Car Jump Starter & INIU Wireless Charger, 15W Fast Qi-Certified Wireless Charging Station",112.97,5.0 out of 5 stars,https://m.media-amazon.com/images/I/5116wGz9pvL._AC_UY218_.jpg,https://www.amazon.com/s?k=phone+charger&page=13
Statik 360 Magnetic Phone Charger 1st Gen & Magnetic Connectors,Price not available,3.0 out of 5 stars,https://m.media-amazon.com/images/I/51gXWNGhEaL._AC_UY218_.jpg,https://www.amazon.com/s?k=phone+charger&page=13
Cow Pattern Print Wireless Charger Pad 10W Max Fast Charging with USB Cable Compatible with iPhone (No AC Adapter),26.99,No rating,https://m.media-amazon.com/images/I/61UJig-GZWL._AC_UY218_.jpg,https://www.amazon.com/s?k=phone+charger&page=13
Statik 360 Magnetic Phone Charger 2nd Gen & Universal Tips,Price not available,4.0 out of 5 stars,https://m.media-amazon.com/images/I/51ARN-lREeL._AC_UY218_.jpg,https://www.amazon.com/s?k=phone+charger&page=13
"5V Power Supply for Yealink Phone AC/DC Adapter Compatible with Yealink IP Phones SIP-T29G, T46S T48S,T58A, T58-CAM,T54W, T57W, MP54, MP56 SIP Phones Charger PS5V2000US",16.79,5.0 out of 5 stars,https://m.media-amazon.com/images/I/61Srk69WWuL._AC_UY218_.jpg,https://www.amazon.com/s?k=phone+charger&page=13
Statik 360 Magnetic Phone Charger 2nd Gen & Universal Tips,Price not available,5.0 out of 5 stars,https://m.media-amazon.com/images/I/51ARN-lREeL._AC_UY218_.jpg,https://www.amazon.com/s?k=phone+charger&page=13
Wireless & Magnetic Phone Charger,24.99,No rating,https://m.media-amazon.com/images/I/31rTaCH1C8L._AC_UY218_.jpg,https://www.amazon.com/s?k=phone+charger&page=14
Spa-ce Alien Wireless Charging Pad Station Portable Wireless Charger Pad Round Phone Charger,28.99,No rating,https://m.media-amazon.com/images/I/71Zf-IdWTHL._AC_UY218_.jpg,https://www.amazon.com/s?k=phone+charger&page=14
"mophie Snap+ Wireless Charging Vent Mount – MagSafe Compatible, Fast 7.5W Charging, Universal Fit, Adjustable Arm, Secure Twist-Lock, Compatible with iPhone 16, 15, 14, 13 & 12 Series, Black",32.39,2.7 out of 5 stars,https://m.media-amazon.com/images/I/51eaXNjY-1L._AC_UY218_.jpg,https://www.amazon.com/s?k=phone+charger&page=14
"7 in 1 Wireless Fast Charger for iPhone Samsung Android Wireless Charging Station, Compatible with Apple Watch 9 8 7 6 5 Airpods Pro Multi-Device Charging Black Station (Black 7-in-1)",28.90,No rating,https://m.media-amazon.com/images/I/71Fk3HAgBjL._AC_UY218_.jpg,https://www.amazon.com/s?k=phone+charger&page=14
Two Potatos with Glasses Wireless Charger 10W Max Fast Charging Pad Compatible with iPhone Galaxy Series,25.99,No rating,https://m.media-amazon.com/images/I/61K+iM1rNgL._AC_UY218_.jpg,https://www.amazon.com/s?k=phone+charger&page=14
"PLDHPRO 80W 4 in 1 Retractable Car Charger, Phone Fast Charging Adapter Box with USB C iOS Cable Compatible iPhone iPad Galaxy, Travel Essential Gifts for Men Women, Type-C Cool Vehicle Accessories",11.46,4.5 out of 5 stars,https://m.media-amazon.com/images/I/51eft6VtCbL._AC_UY218_.jpg,https://www.amazon.com/s?k=phone+charger&page=14
"Foldable 3 in 1 Wireless Charger for Samsung Multiple Devices, Travel Wireless Charging Station/Stand for Galaxy S25 Ultra/S24/Z Fold Flip 6/5, Charger Dock Stand for Samsung Watch 7, Buds Pro3",29.99,5.0 out of 5 stars,https://m.media-amazon.com/images/I/71vjuqhZeWL._AC_UY218_.jpg,https://www.amazon.com/s?k=phone+charger&page=14
American Buffalo Wireless Charger Phone Charger Fast Wireless Charging Pad Wireless Charge Mat for Women Men,26.09,No rating,https://m.media-amazon.com/images/I/718Ai8KDB7L._AC_UY218_.jpg,https://www.amazon.com/s?k=phone+charger&page=14
Japanese Fish Gold Navy Blue Fast Portable Charger 10W Funny Graphic Phone Charging Pad with USB Cable,28.99,No rating,https://m.media-amazon.com/images/I/71cYq8Ww9xL._AC_UY218_.jpg,https://www.amazon.com/s?k=phone+charger&page=14
Hello Spring Butterfly Flowers Wireless Charger 10W Max Fast Charging Pad Compatible with iPhone Galaxy Series,25.99,No rating,https://m.media-amazon.com/images/I/61KyMG8XJEL._AC_UY218_.jpg,https://www.amazon.com/s?k=phone+charger&page=14
Compatible with BMW K1600B/ K1600GT/ K1600GTL (Year:2011-2020) Motorcycle Phone Mount Holder GPS Navigation Bracket USB Charger Cell Phone Holder Mount Stand,55.99,3.7 out of 5 stars,https://m.media-amazon.com/images/I/610ZzZUMyrL._AC_UY218_.jpg,https://www.amazon.com/s?k=phone+charger&page=14
Two Blue Birds Sitting on Branch Wireless Charger 10W Max Fast Charging Pad Compatible with iPhone Galaxy Series,25.99,No rating,https://m.media-amazon.com/images/I/61NFqquWnDL._AC_UY218_.jpg,https://www.amazon.com/s?k=phone+charger&page=14
Black Woman Reading with Headphone Wireless Charger 10W Max Fast Charging Pad Compatible with iPhone Galaxy Series,25.99,No rating,https://m.media-amazon.com/images/I/71qz6cpRkHL._AC_UY218_.jpg,https://www.amazon.com/s?k=phone+charger&page=14
Asparagus Wireless Charger 10W Max Fast Charging Pad Compatible with iPhone Galaxy Series,25.99,No rating,https://m.media-amazon.com/images/I/71kCgnWnCOL._AC_UY218_.jpg,https://www.amazon.com/s?k=phone+charger&page=14
Cute Frog and Mushroom Wireless Charger 10W Max Fast Charging Pad Compatible with iPhone Galaxy Series,25.99,No rating,https://m.media-amazon.com/images/I/61ZBcM2kYlL._AC_UY218_.jpg,https://www.amazon.com/s?k=phone+charger&page=14
Lady Power Wireless Charger 10W Max Fast Charging Pad Compatible with iPhone Galaxy Series,25.99,No rating,https://m.media-amazon.com/images/I/61U1cFLDGVL._AC_UY218_.jpg,https://www.amazon.com/s?k=phone+charger&page=14
Cute Rabbit Sitting on Moon Wireless Charger 10W Max Fast Charging Pad Compatible with iPhone Galaxy Series,25.99,No rating,https://m.media-amazon.com/images/I/617N40LjgvL._AC_UY218_.jpg,https://www.amazon.com/s?k=phone+charger&page=15
"INIU Wireless Charger, 15W Fast Qi-Certified Wireless Charging Station & CHGeek Wireless Car Charger, 15W Fast Charging Auto Clamping Car Charger Phone Mount Phone Holder",35.07,No rating,https://m.media-amazon.com/images/I/61IQUDIWpeL._AC_UY218_.jpg,https://www.amazon.com/s?k=phone+charger&page=15
White Bison Sheep Wireless Charger 10W Max Fast Charging Pad Compatible with iPhone Galaxy Series,25.99,No rating,https://m.media-amazon.com/images/I/711NUKo4ukL._AC_UY218_.jpg,https://www.amazon.com/s?k=phone+charger&page=15
Fruity and Savory Toast Bread Wireless Charger 10W Max Fast Charging Pad Compatible with iPhone Galaxy Series,25.99,No rating,https://m.media-amazon.com/images/I/61RBY7wmPEL._AC_UY218_.jpg,https://www.amazon.com/s?k=phone+charger&page=15
Hussell USB 3.0 Car Charger Adapter & Air Vent Magnetic Car Phone Mount Holder,12.00,3.7 out of 5 stars,https://m.media-amazon.com/images/I/61riYFOfwfL._AC_UY218_.jpg,https://www.amazon.com/s?k=phone+charger&page=15
Corn Wireless Charger 10W Max Fast Charging Pad Compatible with iPhone Galaxy Series,25.99,No rating,https://m.media-amazon.com/images/I/61Fwb0m7LTL._AC_UY218_.jpg,https://www.amazon.com/s?k=phone+charger&page=15
Cartoon Clip Art Lips Wireless Charger 10W Max Fast Charging Pad Compatible with iPhone Galaxy Series,25.99,No rating,https://m.media-amazon.com/images/I/61M6MJtyjxL._AC_UY218_.jpg,https://www.amazon.com/s?k=phone+charger&page=15
Goldfinch Wireless Charger 10W Max Fast Charging Pad Compatible with iPhone Galaxy Series,25.99,No rating,https://m.media-amazon.com/images/I/61dv34VoAiL._AC_UY218_.jpg,https://www.amazon.com/s?k=phone+charger&page=15
USB Hub Charger for 2018-2024 BMW X3/X4/IX3 Center Console Multiport Phone Charger Fast Charging Docking Station Interior Accessorie,49.99,No rating,https://m.media-amazon.com/images/I/71EqL16E7gL._AC_UY218_.jpg,https://www.amazon.com/s?k=phone+charger&page=15
Watercolor Pizza Slices Tree Wireless Charger 10W Max Fast Charging Pad Compatible with iPhone Galaxy Series,25.99,No rating,https://m.media-amazon.com/images/I/71ivUyMqZZL._AC_UY218_.jpg,https://www.amazon.com/s?k=phone+charger&page=15
"Compatible with MagSafe Cell Phone Case, Compatible with iPhone 16 Pro, Military Grade Protection, 3 in 1 Design, Support Wireless Charger (Black, iPhone 16 Pro)",12.59,4.4 out of 5 stars,https://m.media-amazon.com/images/I/816XectqiYL._AC_UY218_.jpg,https://www.amazon.com/s?k=phone+charger&page=15
Vintage Capybara Indian Chief Wireless Charger 10W Max Fast Charging Pad Compatible with iPhone Galaxy Series,25.99,No rating,https://m.media-amazon.com/images/I/61HPrNWYNJL._AC_UY218_.jpg,https://www.amazon.com/s?k=phone+charger&page=15
iPhone 16e Car Charger USB C + Rugged Phone Case with Camera Cover,15.98,No rating,https://m.media-amazon.com/images/I/61DLot2Hk8L._AC_UY218_.jpg,https://www.amazon.com/s?k=phone+charger&page=15
U.S. and Congo Retro Flag Wireless Charger 10W Max Fast Charging Pad Compatible with iPhone Galaxy Series,25.99,No rating,https://m.media-amazon.com/images/I/71hXjZif6iL._AC_UY218_.jpg,https://www.amazon.com/s?k=phone+charger&page=15
"Cliff Top Waterproof Motorcycle USB Charger, 18W PD Type-C Quick Charge, SAE to USB-C Connector, with 10mm Rear View Mirror Mount for Motorbike Phone Charging",29.99,5.0 out of 5 stars,https://m.media-amazon.com/images/I/51NoOIwOmbL._AC_UY218_.jpg,https://www.amazon.com/s?k=phone+charger&page=15
LISEN for Magsafe Phone Grip Holder Magnetic Phone Ring & LISEN for MagSafe Car Mount Charger,29.99,No rating,https://m.media-amazon.com/images/I/71Z7OBds6CL._AC_UY218_.jpg,https://www.amazon.com/s?k=phone+charger&page=15
Valentines Day French Fries Wireless Charger 10W Max Fast Charging Pad Compatible with iPhone Galaxy Series,25.99,No rating,https://m.media-amazon.com/images/I/61AQuDMhn8L._AC_UY218_.jpg,https://www.amazon.com/s?k=phone+charger&page=16
Horse Sunflowers Wireless Charger 10W Max Fast Charging Pad Compatible with iPhone Galaxy Series,25.99,No rating,https://m.media-amazon.com/images/I/61CiX8qBemL._AC_UY218_.jpg,https://www.amazon.com/s?k=phone+charger&page=16
Gymnastics Man Wireless Charger 10W Max Fast Charging Pad Compatible with iPhone Galaxy Series,25.99,No rating,https://m.media-amazon.com/images/I/611A2AtF8GL._AC_UY218_.jpg,https://www.amazon.com/s?k=phone+charger&page=16
Albanian Flag Wireless Charger 10W Max Fast Charging Pad Compatible with iPhone Galaxy Series,25.99,No rating,https://m.media-amazon.com/images/I/61n0aUzPL0L._AC_UY218_.jpg,https://www.amazon.com/s?k=phone+charger&page=16
Italy and Japan Flag Wireless Charger 10W Max Fast Charging Pad Compatible with iPhone Galaxy Series,25.99,No rating,https://m.media-amazon.com/images/I/61rCh3nKRbL._AC_UY218_.jpg,https://www.amazon.com/s?k=phone+charger&page=16
Winter Landscape Northern Light Wireless Charger 10W Max Fast Charging Pad Compatible with iPhone Galaxy Series,25.99,No rating,https://m.media-amazon.com/images/I/61XxdYMPFDL._AC_UY218_.jpg,https://www.amazon.com/s?k=phone+charger&page=16
Black Fits for BMW R1200RT 14-20 R1250RT 18-21 Navigation Bracket GPS Navigator USB Charger Phone Navigation Holder R 1200 1250 RT,23.89,No rating,https://m.media-amazon.com/images/I/417yQDswDVL._AC_UY218_.jpg,https://www.amazon.com/s?k=phone+charger&page=16
Wireless Charging Stand for BMW iX for Apple iPhone | Driver-Facing Option Left-Hand and Right-Hand Drive | 3D Printed [Charger Not Included],38.00,No rating,https://m.media-amazon.com/images/I/810sMfghwYL._AC_UY218_.jpg,https://www.amazon.com/s?k=phone+charger&page=16
16e Super Fast Car Charger USB C and Type C Charger Block,19.98,No rating,https://m.media-amazon.com/images/I/61zSI26HSuL._AC_UY218_.jpg,https://www.amazon.com/s?k=phone+charger&page=16
"Wireless Car Charger, Fast Charging Strong Hold Vent Car Phone Mount for Galaxy S25 S24 S23 Ultra/Plus All Phones",39.99,No rating,https://m.media-amazon.com/images/I/61nT9nQmJmL._AC_UY218_.jpg,https://www.amazon.com/s?k=phone+charger&page=16
"DEWALT Heavy Duty USB to Micro-USB Cable, Jobsite Micro USB Connector Cable, High Speed Charging Cord for Compatible Android Phones, Cameras, Legacy Devices, 6 ft (Black)",11.99,4.3 out of 5 stars,https://m.media-amazon.com/images/I/81-AIPxOfwL._AC_UY218_.jpg,https://www.amazon.com/s?k=phone+charger&page=16
"LISEN 60W USB C to USB C Cable [10ft/3Pack], Certified iPhone 15 Charger, USBC to USBC Fast Charging Cable for iPhone 15/Pro/Plus/Pro Max/iPad Pro/Air/MacBook, Type C Cord for Samsung S23",Price not available,4.6 out of 5 stars,https://m.media-amazon.com/images/I/71++wnsaybL._AC_UY218_.jpg,https://www.amazon.com/s?k=phone+charger&page=16
"Fast Charger Block Wall Pug Type C Charger Cable Quick Phone Charger for Samsung Galaxy S24 S23 S22 S21 S20 Ultra FE 5G Plus S10 S10e S9 S8 Note 20 10 9 8, A53 5G A52 A42 A32 A13 A14 A51 A71 A20 A03s",13.99,4.3 out of 5 stars,https://m.media-amazon.com/images/I/71JzDnqmz8L._AC_UY218_.jpg,https://www.amazon.com/s?k=phone+charger&page=16
Peace Sign Phone Wireless Charger 10W Fast Wireless Charging Pad for Home Work,25.29,No rating,https://m.media-amazon.com/images/I/61Aq8GqiNvL._AC_UY218_.jpg,https://www.amazon.com/s?k=phone+charger&page=16
GUY-TECH USB Charging Charger Data Cable Cord Compatible with AT&T Samsung SGH-A847 Rugby II 2 Phone,10.00,No rating,https://m.media-amazon.com/images/I/614wTzwEkiL._AC_UY218_.jpg,https://www.amazon.com/s?k=phone+charger&page=16
"USB C Wall Charger Block 2-Pack, Aiminu 40W 4-Port Fast USB C Charger QC+PD 3.0 Power Adapter, Double Fast Plug Type C Charging Block for iPhone 15/15 Plus/14 Pro Max/13/12/11/XS/XR,Cube Charger",Price not available,4.6 out of 5 stars,https://m.media-amazon.com/images/I/61qmdh19ElL._AC_UY218_.jpg,https://www.amazon.com/s?k=phone+charger&page=16
"INIU Portable Charger, Slimmest Fast Charging 10000mAh USB C in/Out Power Bank, 22.5W PD3.0 QC4+ Battery Pack, Portable Phone Charger for iPhone 16 15 14 13 12 Pro Samsung S22 S21 Google AirPods iPad",Price not available,4.6 out of 5 stars,https://m.media-amazon.com/images/I/71XP25lQmlL._AC_UY218_.jpg,https://www.amazon.com/s?k=phone+charger&page=17
"Type C Charger for LG G8 G9 G7 V60 V50 V40 V35 V30 ThinQ Stylo 6 5 4, Samsung Galaxy S25 S24 S23 S22 S21 S20 Ultra A16 5G A15 A14 A35 A55 A54, Charging Block, Car Adapter, USB C Fast Charging Cables",12.99,4.3 out of 5 stars,https://m.media-amazon.com/images/I/71nUwRhiDTL._AC_UY218_.jpg,https://www.amazon.com/s?k=phone+charger&page=17
"elago W Stand Designed for MagSafe Charger Stand for All Apple Watch Chargers, iPhone 16, 15, 14, 13, 12 Series/AirPods Pro, AirPods Pro 2, AirPods 3, 4 - [Stone] [Charging Cable Not Included]",20.99,3.3 out of 5 stars,https://m.media-amazon.com/images/I/51NxiU14OCL._AC_UY218_.jpg,https://www.amazon.com/s?k=phone+charger&page=17
"Hand Crank Emergency Weather Radio Solar Power with AM FM NOAA,Wind Up Flashlight,Cell Phone Charger, 5000mAh Rechargeable Battery,SOS Alarm,Portable,Waterproof,for Survival,Storm and Power Outage",Price not available,4.4 out of 5 stars,https://m.media-amazon.com/images/I/81i2nYtS3IL._AC_UY218_.jpg,https://www.amazon.com/s?k=phone+charger&page=17
Beach Starfish Sea Animal Phone Wireless Charger 10W Fast Wireless Charging Pad for Home Work,25.29,No rating,https://m.media-amazon.com/images/I/71dn1NOhwYL._AC_UY218_.jpg,https://www.amazon.com/s?k=phone+charger&page=17
Retractable Car Charger 4 in 1 USB C Fast Charger with Dual Type-C Cables (31.5 inch) and 2 Charging Ports with Voltage Display Compatible with iPhone 16/15 Pro Max Samsung Galaxy Note,14.60,4.7 out of 5 stars,https://m.media-amazon.com/images/I/71Lnvn3BspL._AC_UY218_.jpg,https://www.amazon.com/s?k=phone+charger&page=17
"DreamSky Wooden Digital Alarm Clock with Wireless Charging for Bedroom, Bedside Nightstand Clock with Charger Station, USB Port, Large Numbers, Adjustable Volume, Brightness Dimmer, DST",23.99,4.4 out of 5 stars,https://m.media-amazon.com/images/I/717aG-mFfkL._AC_UY218_.jpg,https://www.amazon.com/s?k=phone+charger&page=17
"Car Phone Holder for Dodge SRT Charger Challenger Viper Magnum Neon Magnetic Suction Mobile Phone Holder Foldable Adjustable Car Phone Mount Air Vent Phone Mount,A",30.99,No rating,https://m.media-amazon.com/images/I/61c8-uSrRML._AC_UY218_.jpg,https://www.amazon.com/s?k=phone+charger&page=17
"elago Grip Stand Compatible with MagSafe Charger, Phone Holder Compatible with iPhone 16/15/14/13/12 Series, Nightstand Mode [Charger Not Included] [White]",11.99,4.2 out of 5 stars,https://m.media-amazon.com/images/I/617h0GraW5L._AC_UY218_.jpg,https://www.amazon.com/s?k=phone+charger&page=17
"AudioControl LC2i PRO 2-Channel Line Output Converter with Wireless Qi Universal Phone Charger Kit. Impedance Matching, AccuBASS, GTO, Audio Signal Sense, 12V Turn-On and ACR-1 Dash Remote Sub Control",Price not available,4.6 out of 5 stars,https://m.media-amazon.com/images/I/71jw4OqU2aL._AC_UY218_.jpg,https://www.amazon.com/s?k=phone+charger&page=17
"DEWALT USB C Charger, GaN 65W PPS 3-Port Compact Foldable for MacBook/Air, iPad Pro, Galaxy, Dell, Note, iPhone and More",51.25,4.7 out of 5 stars,https://m.media-amazon.com/images/I/81OI3x+kOxL._AC_UY218_.jpg,https://www.amazon.com/s?k=phone+charger&page=17
"Truck Phone Holder Mount Wireless Charger Heavy Duty for Car 15W Smart Fast Charging 14 inch Long Arm Pickup Truck Windshiele and Dashboard,Truck Accessories,for iPhone Samsung LG",48.99,4.1 out of 5 stars,https://m.media-amazon.com/images/I/71BumE8DaVL._AC_UY218_.jpg,https://www.amazon.com/s?k=phone+charger&page=17
"USB Charger for Samsung Galaxy S25 Ultra S24 FE A10E A50 A70 A80 S23 S22 S21 S20 S10E S9 A16 5G A15 A03s A04s A14 A13 A53 A54 A55 A51 A11 A21, Car Adapter, Wall Charger Plug Type C Fast Charging Cable",11.99,4.2 out of 5 stars,https://m.media-amazon.com/images/I/71YrzC8wFhL._AC_UY218_.jpg,https://www.amazon.com/s?k=phone+charger&page=17
"BoxWave Cable Compatible with NUU Mobile A25 - DirectSync PD Cable (10ft) - USB-C to USB-C (100W), Long 10 Foot PD Braided Nylon Alloy Cable - Jet Black",Price not available,No rating,https://m.media-amazon.com/images/I/71eLpEqEY2L._AC_UY218_.jpg,https://www.amazon.com/s?k=phone+charger&page=17
"USB C Car Charger, Car Phone Charger Fast Charging for Google Pixel 9 Pro XL Fold 8a 8 Pro 7a 7 Pro 6a 6Pro 5 4a 3XL, Samsung Galaxy S24 S23 A15 A14, 48W Fast Car Charger Adapter with 3ft Type C Cable",8.99,4.3 out of 5 stars,https://m.media-amazon.com/images/I/61tZscZTIdL._AC_UY218_.jpg,https://www.amazon.com/s?k=phone+charger&page=17
"USB Type C Charger Cable Fast Charging Cord Compatible with Google Pixel 9a, 9, 9 Pro XL Fold, 8, 7, 6, 5, 4, 3a, 3 2 XL, Pixel C, (Blue/Green/Purple, 6 feet, 3 Pack)",5.83,4.6 out of 5 stars,https://m.media-amazon.com/images/I/71T8qkZnKxL._AC_UY218_.jpg,https://www.amazon.com/s?k=phone+charger&page=17
Black White and Gold Marble Abstract Wireless Charger Fast Wireless Charging Pad Wireless Charging Mat for Smartphone Phone,23.39,No rating,https://m.media-amazon.com/images/I/71rtRTCof7L._AC_UY218_.jpg,https://www.amazon.com/s?k=phone+charger&page=18
"Fast Charger Type C 40W USB C Charger for Samsung Galaxy S25 Ultra S25+ S24 Ultra FE S24 S23 S22 A36 A56 A16 A15 A35 A55,Pixel 9a 9Pro 8a 8Pro, Phone Charger 2x6FT Cable Type C Charger Fast Charging",16.99,4.3 out of 5 stars,https://m.media-amazon.com/images/I/81BFEJdsAiL._AC_UY218_.jpg,https://www.amazon.com/s?k=phone+charger&page=18
Apple USB-C to Lightning Cable (1 m) ​​​​​​​,14.69,4.7 out of 5 stars,https://m.media-amazon.com/images/I/61PduSmu8GL._AC_UY218_.jpg,https://www.amazon.com/s?k=phone+charger&page=18
"MRGLAS 3.2A USB C Charger Cable,[4-Pack, 6.6+6.6+6.6+6.6FT] USB A to USB C Right Angle Gold-Plated Type C Charger Fast Charging Durable Braided Cord for iPhone 16 15 Samsung S10 S9 Note 10 S21 LG-Grey",Price not available,4.5 out of 5 stars,https://m.media-amazon.com/images/I/81zY1IYdlgL._AC_UY218_.jpg,https://www.amazon.com/s?k=phone+charger&page=18
"Anker 2-Pack 30W USB-C Foldable Fast Charger for iPhone, Samsung, MacBook Air, iPad Pro, Pixelbook, and More (Cables Not Included)",26.99,4.8 out of 5 stars,https://m.media-amazon.com/images/I/51b7CMKzoiL._AC_UY218_.jpg,https://www.amazon.com/s?k=phone+charger&page=18
Tesla Supercharger Replica Charging Station Accessories - USB-C Compatible with Android and iPhone - Includes USB-C Cable - Gift - Made in USA,Price not available,4.1 out of 5 stars,https://m.media-amazon.com/images/I/718IQkuAIuL._AC_UY218_.jpg,https://www.amazon.com/s?k=phone+charger&page=18
"Wireless Charging Station for Samsung - Fast Charging Wireless Charger for Galaxy S23 Ultra/S23/S23+/Z Flip/Fold 5/4/3/iphone/Android Phones, Galaxy Watch 6/5 Pro/5/4/3 & Buds.(with 30W PD Adapter)",30.93,4.1 out of 5 stars,https://m.media-amazon.com/images/I/61XABAlnTzL._AC_UY218_.jpg,https://www.amazon.com/s?k=phone+charger&page=18
"Amazon Basics 5-Pack USB-C to USB-A 2.0 Fast Charger Cable, 480Mbps Speed, USB-IF Certified, for Apple iPhone 16/15, iPad, Samsung Galaxy, Tablets, Laptops, 3 foot, Black",9.54,4.6 out of 5 stars,https://m.media-amazon.com/images/I/71TBf2WJmOL._AC_UY218_.jpg,https://www.amazon.com/s?k=phone+charger&page=18
"USB Fast Charging Block 3.0 with Type C Cable 6ft, Android Phone Charger USB C Braided Cord Compatible with Samsung Galaxy S24 S23 Ultra S22 S21 S20 S10 S9 S8 A03s A53 A14 iPhone 16/15-2Pack",15.89,4.6 out of 5 stars,https://m.media-amazon.com/images/I/71LlP8cp62L._AC_UY218_.jpg,https://www.amazon.com/s?k=phone+charger&page=18
"Ciro 50001 Smartphone/GPS Holder (Without Charger (No Mount Included)) , Black",37.99,4.7 out of 5 stars,https://m.media-amazon.com/images/I/61-bwvvHUzL._AC_UY218_.jpg,https://www.amazon.com/s?k=phone+charger&page=18
German Shepherd Print Wireless Charger Phone Charger Fast Wireless Charging Pad Wireless Charge Mat for Women Men,26.09,No rating,https://m.media-amazon.com/images/I/614T3UQazLL._AC_UY218_.jpg,https://www.amazon.com/s?k=phone+charger&page=18
"US to UK Ireland Plug Adapter, Addtam Type G Power Adapter with 3 AC Outlets and 3 USB(1 USB C), Travel Essentials for USA to Dubai Scotland British London England Hong Kong Irish",11.28,4.7 out of 5 stars,https://m.media-amazon.com/images/I/413M82asVFL._AC_UY218_.jpg,https://www.amazon.com/s?k=phone+charger&page=18
"DEWALT 3 in 1 Retractable Multi Charging Cord, 3ft Fast Charger Cord, Multi Charger Adapter with Lightning/Type C/Micro USB Port for iPhones/Samsung Galaxy/PS/Tablets/More",39.71,4.1 out of 5 stars,https://m.media-amazon.com/images/I/81axCMx-NmL._AC_UY218_.jpg,https://www.amazon.com/s?k=phone+charger&page=18
"【MFi Certified】iPhone Fast Car Charger, Caiinei 4.8A Dual USB Power Car Charger Fast Charging Cigarette Lighter Adapter+6FT Coiled Lightning Cable for iPhone 14 13 12 11 Pro/XS Max/Mini/XR/X/8/SE/iPad",9.98,4.4 out of 5 stars,https://m.media-amazon.com/images/I/71EqYKP95qL._AC_UY218_.jpg,https://www.amazon.com/s?k=phone+charger&page=18
Cute Red Mushroom Wireless Charger Pad 10W Max Fast Charging with USB Cable Compatible with iPhone (No AC Adapter),26.99,No rating,https://m.media-amazon.com/images/I/61DYGrvmrAL._AC_UY218_.jpg,https://www.amazon.com/s?k=phone+charger&page=18
"USB C Fast Car Phone Charger for Samsung Galaxy S25 Ultra Plus S25+ S24 FE A55 A35 A15 S24 S23 S22 S21 S20 5G FE Plus Ultra S10 S10e S9 S8 Note 20 10 9 8 A53 A42, Accessories Adapter Type C Cable 3ft",12.99,4.5 out of 5 stars,https://m.media-amazon.com/images/I/71e1VmDBFkS._AC_UY218_.jpg,https://www.amazon.com/s?k=phone+charger&page=18
"HUOTO Portable Charger,5000mAh Mini iWatch Magnetic Charger Power Bank with Charging Cable,Travel Charger External Battery Pack Compatible with Apple Watch/iPhone11/13/12/Smartphones/Airpods",19.99,4.3 out of 5 stars,https://m.media-amazon.com/images/I/619EDmzwOdL._AC_UY218_.jpg,https://www.amazon.com/s?k=phone+charger&page=19
"Pixel 9 Pro XL Wireless Charger Fast Charging Pad for Google Pixel 9 Pro Fold 8a 8 Pro 7a 7 Pro 6 Pro, Samsung Wireless Charger Android Phone Charger Station for Samsung Galaxy S24 Ultra S23 S22 S21",14.99,3.5 out of 5 stars,https://m.media-amazon.com/images/I/61dMKp+sKZL._AC_UY218_.jpg,https://www.amazon.com/s?k=phone+charger&page=19
Animal Leopard Print Wireless Charging Pad Station Portable Wireless Charger Pad Round Phone Charger,24.00,No rating,https://m.media-amazon.com/images/I/71lOVxtdK0L._AC_UY218_.jpg,https://www.amazon.com/s?k=phone+charger&page=19
"BoxWave Cable Compatible with Coros PACE Pro GPS Sport Watch (1.3 in) - USB Type-C Keychain Charger, Key Ring USB Type-C to Type-A 8 in USB Cable - Jet Black",Price not available,No rating,https://m.media-amazon.com/images/I/61Cglz3dixL._AC_UY218_.jpg,https://www.amazon.com/s?k=phone+charger&page=19
Twelve South PowerPic | Picture Frame Stand with Integrated 10W Qi Charger for iPhone/Wireless Charging Smart Phones (Black),Price not available,3.5 out of 5 stars,https://m.media-amazon.com/images/I/51cG6p8LhFL._AC_UY218_.jpg,https://www.amazon.com/s?k=phone+charger&page=19
"18W Wireless Charger for Samsung Fast Charging, 3 in 1 Charging Station for Samsung Galaxy S25/S24/S23/Z Fold 6/Flip 6/Buds, Watch 7/6/5/4/3, Suitable for Office, Home, Nightstand, Table",25.99,4.2 out of 5 stars,https://m.media-amazon.com/images/I/613NfSS+h3L._AC_UY218_.jpg,https://www.amazon.com/s?k=phone+charger&page=19
Hummingbird Wireless Charger Phone Charger Fast Wireless Charging Pad Wireless Charge Mat for Women Men,26.09,No rating,https://m.media-amazon.com/images/I/61dumismgxL._AC_UY218_.jpg,https://www.amazon.com/s?k=phone+charger&page=19
DEWALT 2-Port USB Car Charger — 24W Fast Charge Dual Port USB-A for iPhone 14 13 12 11 Pro Max X XR XS 8 Plus 6s iPad — Compatible with Samsung Galaxy S22 S21 S10 Plus S7 GPS,21.99,4.7 out of 5 stars,https://m.media-amazon.com/images/I/71+UtlGKqNL._AC_UY218_.jpg,https://www.amazon.com/s?k=phone+charger&page=19
"RGB Led Lights Car Phone Holder, Stand Charger Multi Color Ambient Light, Fast Charge Wireless Universal Mount Car Accessories, Car Lover Gift, Colorful Car Gadget",12.99,4.0 out of 5 stars,https://m.media-amazon.com/images/I/71Slg+rEmzL._AC_UY218_.jpg,https://www.amazon.com/s?k=phone+charger&page=19
"[Apple MFi Certified] iPhone Charger Fast Charging, Redpark 2Pack PD 20W USB-C Power Adapter Type-C Wall Charger with 6FT Type-C to Lightning Cable for iPhone 14 13 12 11 Pro Max XS XR X iPad AirPods",9.99,4.5 out of 5 stars,https://m.media-amazon.com/images/I/61snoaRRWeL._AC_UY218_.jpg,https://www.amazon.com/s?k=phone+charger&page=19
"Upgraded USB-C Charger for Apple Watch, [MFi Certified] 2-in-1 iPhone and Magnetic Watch Charger Cable 4FT with 20W Fast USB Wall Charger for i-Watch Series SE/9/8/7/6/5/4/3/2/1, iPhone 14/13/12/11",9.99,4.2 out of 5 stars,https://m.media-amazon.com/images/I/61OUnY27q1L._AC_UY218_.jpg,https://www.amazon.com/s?k=phone+charger&page=19
"iWALK Portable Charger for iPhone 16/15 USB-C Small Power Bank 20W 4500mAh Fast Charging Battery Pack Compatible with iPhone 16/16 Plus/16 Pro/16 Pro Max, iPhone 15/15 Plus/15 Pro/15 Pro Max",Price not available,4.3 out of 5 stars,https://m.media-amazon.com/images/I/515bv5JCUBL._AC_UY218_.jpg,https://www.amazon.com/s?k=phone+charger&page=19
"25W Super Fast Charger, 10FT Long Android Phone C Charger USB Type C Cable Fast Charging for Samsung Galaxy A16 5G A15 A14 5G A56 A55 A54 A53 A35 A13 S25 Ultra S24 FE S23 S22 S21 S20 A03s A04s A02s",11.99,4.3 out of 5 stars,https://m.media-amazon.com/images/I/518GmQd+8EL._AC_UY218_.jpg,https://www.amazon.com/s?k=phone+charger&page=19
"mophie Powerstation 2023 with PD Power Bank - 10,000 mAh Large Internal Battery, (2) USB-A Port and (1) 20W USB-C PD Fast Charging Input/Output Port, Travel-Friendly",21.07,4.5 out of 5 stars,https://m.media-amazon.com/images/I/51e5a3xRUPL._AC_UY218_.jpg,https://www.amazon.com/s?k=phone+charger&page=19
"USB C Charger Set for Samsung Galaxy A16 A15 A14 5G S25 S24 FE A01 A71 A51 A11 A10e S23 S22 S21 S20 A13 A20 A21 A50 A9, USB Wall Charging Block Cube, Car Charger Adapter 6ft Type C Fast Charging Cable",12.99,4.4 out of 5 stars,https://m.media-amazon.com/images/I/71YbhknnsML._AC_UY218_.jpg,https://www.amazon.com/s?k=phone+charger&page=19
"for Samsung Galaxy Z Fold 6 Wallet Case,2 in 1 Detachable Magnetic Leather Wallet Case with Card Holder,Kickstand Shockproof Phone Cover for Samsung Z Fold 6 (Red)",16.99,No rating,https://m.media-amazon.com/images/I/71D6ERd3O2L._AC_UY218_.jpg,https://www.amazon.com/s?k=phone+charger&page=19
"Scosche PB10PD-SP GoBat 10000mAh Compact Dual Port Cell Phone Battery Pack, 20W USB-C Power Delivery Fast Charger & 18W USB-A Portable Power Bank, External Battery Compatible w/ Apple iPhone & Android",24.70,4.1 out of 5 stars,https://m.media-amazon.com/images/I/51nmOsfSBsL._AC_UY218_.jpg,https://www.amazon.com/s?k=phone+charger&page=20
"OREI European Power Plug Adapter, with 2 USA Inputs - Travel 3 Pack - Type C (US-9C) - Turkey, Italy, Iceland, and More - Safe Grounded Use with Cell Phones, Laptop, Camera Chargers, CPAP, and More",Price not available,4.6 out of 5 stars,https://m.media-amazon.com/images/I/51ml+fudkZL._AC_UY218_.jpg,https://www.amazon.com/s?k=phone+charger&page=20
